52,1024,3395,4423,6482,6708,6732,7318,7365,8571,9098,9178,9404,12362,12583,12806,13070,13281,14624,14968,15216,15923,16644,17064,17272,17384,18648,18995,21917,22478,22787,23165,24560,24832,25849,26713,27040,27297,27376,27723,27784,30982,31825,32992,34633,35775,35785,36853
61
75
100,643,4020,7733,11517,15533,16367,17973,19156,19456,19921,20407,23648,23935,26951,28213,28725,29065,31914,33788,34455
111
114,252,471,913,1579,1873,3163,3439,3883,3982,4228,9407,9833,10071,10240,11271,11340,11657,11879,12426,12579,13322,14082,14326,14767,14780,15368,16916,16917,17084,17666,19573,20133,20171,21412,21807,23067,23348,24132,25096,25758,25832,26507,27186,27415,27663,27791,28040,28705,29534,29551,30220,30982,31825,32912,33454,34223,34755,36889,37102,37132
178
184,7585,14616,24786
208,23644
214
266,17708
266,423,1834,2339,5575,6868,7584,8537,9292,12547,13016,14076,14535,14595,15171,17888,18105,18881,20229,21677,22347,22898,23684,28040,32916,33978,36663
293
340,919,1397,1725,3674,5723,6893,10158,12669,13667,14316,14580,14630,23188,28461,30942
373
442,2320,2494,3158,4356,4717,4751,5302,5788,6419,7435,8221,11859,11983,12036,13300,16006,16244,18627,18815,19781,20043,20600,21095,24174,27032,27180,28425,31614,31775,32095,33134,33211,33610,34407,36515
535,7287,23868,29634
536,553,2215,2219,3222,4688,6152,6464,6596,6935,7480,7992,8053,8373,8831,9052,9335,9356,9441,10075,10946,11072,12491,13353,13889,14332,14749,16030,16571,16916,18001,20708,21037,21499,21580,21818,22003,23190,23293,24226,24312,26736,26872,27088,27542,27650,28761,28774,30957,31583,32956,33261,33266,33295,33340,33788,35065,36048,36492,36777,36903
573,24010
579
579,2847,5050,9573,10249,25248,27923,31742
664
680,1476,1577,13445,13791,25675,35512
689,6502,11576,17830,18895,19656,22002,27289,27947,28950
690,865,1289,2049,3069,6248,6294,8072,8216,8404,9978,12082,12697,13501,14234,14647,15086,15268,16345,18717,19759,24137,24989,26262,33154,33628,34688
773,8160,12161,18165,19860,21644,35649
775,1203,5485,6801,6997,7037,7937,8175,8555,11895,12988,13422,13796,16047,16272,17403,21216,21296,26769,28009,29830,30915,31924,34229,35746
876,30964,35092
876
925,1617,1686,7984,9730,9893,17515,17529,18164,19837,22093,27741,30653,30877,32656,32956,36999
942,14616,23949
1076,9476,27650,31731
1076
1076
1076,21202
1119,5028,5986,13305,14936,15475,16218,16831,20925,22577,24038,27416,28263,28731,32786
1120,2667,8324,10520,11606,16153,33480,34547
1141,26969
1289,3220,4173,7253,14117,15378,17235,17439,21913,28452,29760,30100,31506
1289
1289,1498,4014,6090,9380,11161,11673,12320,12685,13171,14684,15180,16741,19013,19177,20234,21645,23473,25595,25770,27132,27738,29961,30730,32047,32066,33266,35678,36602,37021
1304,21943
1308,14651,16501
1327
1335,1436,11109,26251,35149
1360,6892,24980,30861,33130
1363
1384,34157
1397,10452,13069,20939
1444
1447,8426,16345
1447,4406,10642,16030,17881,17893,21340,24834,30278,36745
1447,4327
1448
1452,2597,7393,7880,8096,14988,20020,21671,28716,35805
1490,1675,2459,10444,11109,11176,13367,15037,15735,26075,26907,34774,35461
1603,14149,25723,31610,33812,34040,34558,35812
1617
1638
1730,2088,2562,3214,3847,6039,6368,6826,8358,8810,11828,12639,14093,14593,16037,18150,18389,22020,23481,26067,28332,32817
1733,3165,5602,6397,6502,12790,12900,13025,16185,16903,18195,21761,22399,22569,22907,23817,24892,25025,25332,25544,26303,27463,28047,28077,29540,29982,30363,30905,32348,32435,32908,33709,34620,34800,34891,34907,35036,35419,35724,35970,36129,36844,36885
1905,9684,20753
2041,25130
2070,26596,27401
2079
2143,3115,8788,10112,11921,14789,19027,20647,24123,25626,26669,27358,32682,34825,35129,35819
2151
2164
2219,4091,6751,6993,13045,16051,17668,20869,27469,30483,31056,31502,32969,33364
2284
2339,8589,9913,14594
2390
2417,3432,5578,8475,37122
2424,4475,6971,12851,21913,23000,24021,35349,35655
2447,15452,16845,18237,19419
2528,3236,12592,16421
2535
2556,4373,6497,6699,9222,10685,12092,14264,18116,23188,27000,28688,30595,33112
2569,12376,15566,33603,33986
2578,7733,8035,8924,10446,10551,14616,15119,16272,22976,30653,31268,33523,33574
2623,14762
2631,14537,20635,29807,31205,32038,32591,36434
2705,6314,12492,14771,18615,24236,25500,28127,31213
2803,5296,23659
2909
2915
3066,28139,33628
3077,9486,15629,18763,24838,25708,29072,31317,35036,36023,36040
3077,4104,6330,6821,7670,9953,12895,15037,15593,15642,18165,18178,18761,19642,22120,22546,23378,23662,24488,27769,28817,31538,35427,36543
3077
3216
3216,16364
3216
3366,10568,16616,36023
3387,17644,27753,33815
3398,4327,4735,7759,8937,13662,21581,26167,35972
3414,13390,20205,24538,30081,31240,33603
3431
3431,10514,13367,15280,24765,26743,30898,33664
3436,3701,15983,20444,30726,35010,36116
3587
3611,5352,6623,7102,9415,9445,11570,21736,22105,23991,30100,30570,33035,33291
3674
3704,32916
3704,25938
3704,5361,7584,22147,23598,28199,31341
3841
3841
3847
3937,7537,16292,20559,29162
3983,6491,10443,16921,18036,18256,18720,23012,24968,32365
3991,4036,7967,12972,14537,16402,17970,21714,24345,26095,27723,31117,32916,33916,35390
3996,13839,14894
4039
4100,6601
4143,5584,7096,10242,19774,22708
4228,32808
4228
4237
4242,22212,22276,34720
4244,6855,12340,15195,25025,25421,26815,29781,33443
4373
4374,7874
4432
4470,20941,33475
4475
4475
4496,5951,12697,30864
4554
4554,9233,9607,12866,17597,22813,23012,36492
4637
4666
4685,13668,14487,17881,24386,32029,34614
4688,6238,6461,7928,8146,10228,13920,14598,15678,21406,22850,23130,26500,26529,26858,33276,33573,34472
4708,23282
4708
4735
4775,11717
4783,6482,14076
4853
4968,5035,10301,13754,15343,27784,29054,33703
5013,24912
5085,6627
5111
5128,6537,15073,23410,24536,24902,29085
5222
5248,25304
5293,10796,17648,21495,26576,30019
5304,17240
5352,17207,25564,26454,32808,36461
5360
5381,15037
5440,10450,32876
5589,18139
5600
5633,18406
5699,19127,22976
5834,14381,17383,19091,21840,29229,30019,30924,36723
5890,26576
5899,6206,29894
5926,25007
5947
6085,15034,27401,32873,33173,34891
6111
6111
6111
6111
6112
6112,6844,11673,13502,14119,16474,17235,18342,18374,18526,18593,21780,25446,28271,28517,35454,35919,36925,36994
6122,13782,17380,29124
6128,28385
6130,21986,33137,36929
6152,14629
6266,9856,25382,36543
6281,8335,36982
6314
6343,22565
6442,25421
6442,14640,23081
6461,9222
6478,34715
6561,14636
6603,11505,14241,19837,26468,31336,35566,36630
6637
6647
6773
6773,12102,29219
6798
6820,9294,32956
6821
6838,11473,15737,31952
6951
6976,7392,12354,17381,17445,19426,20413,23777,24391,26332,28190,30981,31268,34478
7103
7130
7168,25479
7271,9893,15406,15566,20617,21099,22904,29389,30126,32895
7393,19022,23188,24786
7408
7520,15823
7573
7597
7629,23411
7635,14709
7657
7737,17657,32011
7759,10701,23213,23423,30758,33173
7759,11624,26804
7761
7903
7923
7928
8007,17098
8035
8035
8096,15672
8156
8177,21939
8191,9123,13142,27723,35746
8205
8233,12362,23455,27650,29915,30428
8297,17936,19127
8338,21205,21827,30758,31144
8394,27132
8426,13530,14878,16364
8447,19534,33500
8504,17161,19981,35391
8519,19534
8519
8549
8549
8717,28688,33788
8788
8866,14738,14785,15469
8875
9035
9052
9233,12287,13284,36899
9255,11805,31047,34118
9336,11741,15765,23747
9420
9445,15306,24946
9591,26460
9607
9607
9675
9703,13061
9730
9735,10082,33173
9750,15737,23571,24512,27322,30475,30904,31862
9930
9987,15037,19457,25129,28244,28251
10059
10110
10446
10469
10511,20798
10645,14932,17936,24626,33562
10907,13279
10991,17648,18139
11085
11259,12180,30964
11259
11264
11264
11366
11473,33037
11505
11526,17973
11579
11624
11631
11717,33500
11757,17954,23013,32998
11781,19931,20356
11872,26576,26889
11891
12102
12109,12371
12142,22098,26197
12238,34517
12267,25642
12334,17092,20601,35448
12336
12346,12768,20859
12362,15213,22932
12368
12398
12431,18717
12502,26951
12614,32347
12697,18016,21765,25366
12857
12924,13822
12997,26520
12997
13011,21304
13116,23742
13119
13119,18099,32799
13215,30790
13301
13354
13574
13600
13701,26808,27419,32868
13707
13726,35300
13727
13782
13948
13994,20819
14059,26340,26756,30514,33523
14101
14101
14211
14328
14351,16947,17878,18160,18258,21031,26907,27276,31061
14372,22776,33780
14628
14630,23154
14644
14654,31591
14872
14878
14878
14912
14928,30668
14932
14932,15086,27453
14956,32030
15037,35262,36109
15037
15086,27660
15171
15280,24758
15293
15452,25920,32382
15456,30453
15523
15534,20915
15593
15599
15737
15930,17207,30360
15973
15992
16125
16257,21818
16339
16339
16345
16345,22433
16616,31381
16646,26605
16651
16766
16809
16818
16825,29848
16826
17030
17068
17152
17237
17339,20635,21510,27562
17380,32308
17463,17756
17537
17540
17606
17645
17648
17708
17850
17862
17943,32162
18011
18016
18099
18142
18165
18168,18830
18168,29111
18200
18200
18200
18354,18425
18389
18615
18655,28109
18674
18830
18966
18970,34223
19002,32520
19036
19040,27425,28415,30653,33194
19188
19423
19478,29389
19626
19637,22807,23756,24918,25565
19725
19818,20079,26327,30529,36026
19907,33500
19909
19962,25446,30580
19981
20264
20282
20365
20476
20562,35315
20745
20886
20939
21099
21101
21167
21175
21216
21293
21299
21328,29005
21334
21406
21412
21613
21613,36957
21644
21651
21659,35935
21661,26658
21765
21840
21842,31778
21913
22029
22100
22204,23326,25833,36392
22211,22332,29682,33498
22250
22254
22290,35300
22347,27429
22385
22523,29625
22632,25500
22850
22878,37132
22925
23044
23137,31759
23145
23188
23345
23703
23826
23938
23983
24123
24224
24536,36331,36432
24547
24603
24626
24626
24639
24639
24716
24786
24786
25250,33797
25364
25513
25645
25670,30942
25728
25756
26088
26088,31662
26147
26191
26197
26285
26349
26432
26468
26762
26820
26836
27080
27080,35300
27086
27139,27409,32407
27314
27317
27322
27335
27388
27398
27650,31992
27690
27901
28053
28109
28211
28308
28431
28650
28709
28821
28852
28931
29005
29005
29112
29140
29301
29355
29452
29736
29777
29781
29848
29848
29915
29946
30014
30019
30173
30287
30306
30318,36204
30428
30436
30516
30595
30595
30744
30898
30910
30910
30924
30964
31013
31341
31381
31444
31633
31796
32212
32287
32369
32479
32674
32916
32916
33173
33466
33580
33603
33775
33780
34018
34150
34472
34567
34600
34633
34646
34713
34803
35113
35158
35300
35300
35738
35766
35910
36403
36436
36492
36502
36542
36542
36608
36620
36811
36982
4,12972,18035,19478,31684
54,397,413,576,1172,1550,2349,2652,2725,2885,3203,3384,3744,4002,4480,4495,5393,5472,5877,6410,6834,7131,7359,8395,8598,9041,9100,9309,9396,9839,10043,10149,11568,12031,12206,12248,12293,12742,13630,13641,14095,14232,15151,16129,16221,16461,16934,17535,18014,18542,18755,18879,19048,19141,19254,19270,19294,19454,19617,19680,20099,20181,20773,20975,21555,22284,23251,23610,23630,23788,24089,24403,26006,26410,26445,26731,27559,27934,28449,28997,29522,29652,29810,30397,30725,30973,31083,31367,31419,31821,32084,32229,32272,32891,32971,33110,33222,33448,33495,33522,33913,34716,34868,34922,35870,36280,37076
64,424,843,962,1089,3570,5734,8440,9172,11643,11867,13332,14330,14390,15213,15710,17412,17516,18303,19798,20171,20348,23070,24464,28599,28909,32802,33298,33420,34223,35650,36424
100
103,424,711,1290,3869,5662,9562,10342,13405,13925,14575,14598,14609,15242,19728,20348,20877,21769,26502,33161,34446,34481,35804
128,17878,30956,32003,32224
133
133,12925,33693
149,6081,6112,8013,10193,10203,21296,22679,23137,23731,26512,28753,31037,34164
180
190
238,2224,5826,10953,17605,24167,25939,31621,35846
269
269,1544,5806,7720,16257,26477
269
339,978,993,1974,2273,2829,6261,6599,7088,7782,8003,8978,9194,9324,9823,12862,13706,15918,17819,19390,20063,20933,22143,22603,23036,24786,25883,26119,27969,28399,28574,29057,29348,30391,33612,34441,34715,36192,37057
357,579,3216,3937,4752,5222,6721,7296,8027,8189,9565,10266,13580,14076,14101,14767,17671,19445,19624,20104,22250,23470,24891,27245,27807,29915,30379,30811,30853,31002,31287,31684,31983,32228,33112,33298,33680,35071,35754,37124,37140
366,2866,5227,11740,18069,21943,35764
366
401,23540
401,8472
418,32200
536,14709,15814,18773,26587,31336,32188
551,1289,1695,3048,3081,4307,5965,8519,8549,8653,9473,10595,11758,13600,14366,14508,14851,15718,15956,16871,17529,18434,19034,19263,19711,20794,20805,21606,22302,22338,23526,25490,25534,25938,26468,26951,27115,27402,27697,27753,27855,28093,30160,30749,31485,31900,32919,33288,34283,35084,35647,36578
551
551
558
562,3704,9239,9552,14050,19163,21867,24878,33398,34567,36994
562,32248
637,16345,35781
637,14697,20992,28574
674
683,3414,13701,21615,31550
722,2886,7150,7815,7999,11237,13502,18243,22899,24515,28030,29650,31971,33173,33818
753,1647,2136,7074,10963,12890,15154,16105,16184,24342,25917,28415,30063,30678
759
773,3527,11624,13367,17529,22433,25380,29983,36936
775
876,25826
949,3623,10082,17745,23507,32777,33843,36370
960,13367
970,6615,9233,9880,10798,11403,12165,16020,17445,19336,19931,25474,26567,27207,29813,33308,33443,35600,36542,36691
1020
1022,5031,30455,31640
1075,8632,13323,21265,26585,28819,34308
1076,2108
1076,4785,17383,33609
1149
1258,2972,18127,32462
1289
1304,2364,2678,2781,3098,3435,5749,7720,8576,10162,10652,15119,16005,16959,17696,18820,19419,20311,20796,21085,23514,23701,25735,29472,29526,33574,34061,34924,35036,35454,36404,36780
1308,22976,29807
1380,1621,1798,2553,2993,2994,3283,3407,3606,3631,3865,4105,5260,5573,5944,6122,6535,6542,6716,7458,7870,8117,8807,9006,9269,9684,9910,10206,11389,11886,12047,12775,13130,13557,13655,13784,15455,15721,16269,17257,18415,18817,18907,19224,21667,22071,22090,22907,22932,23405,24976,25303,25757,25824,26212,26564,26639,27698,28629,29152,31035,31325,31548,33362,33672,34946,35501,35948,36112
1397
1397,19985,21765,23217,33603,36109
1447,22579,33475,34657
1448,15928,36982
1578,16479
1618,22749,27185
1641,6047,6931,9703,14046,14368,20822,23680,24434,27135,28535,30451
1675,28139,30266,36745
1729,31136
1730,25055
1746
1841,7923,14747,18612
1853,6627
1853
1880,3414,29030
1908,7421
1932,6696,7088,13130,15531,17583,17849,22482,24338,24415,27013
1950
1964,13826,14789,25939,28594,30294
2041,14570,30898,36872
2041
2049
2049,5149,6552,8134,8759,10446,14988,23507,24786,35300
2080
2108,15280
2108
2108,27562
2120
2143,3972,6111,8549,11237,12271,15743,17150,19897,21459,21780,33115
2161,3670,17708,32304
2164,4440,6699,28213,28688
2234
2284
2284,8134,21495,23188,23213,28125,30223
2339,6703,32957
2339,5577
2436
2464,23880
2490
2518
2523,3456,5612,5713,6014,6284,7086,11366,12196,12866,14101,15746,15823,16748,19659,20970,21998,26332,27339,30921,34930,36543
2578
2623,2642,3828,7632,10173,14101,17676,25444,26468,29355,30516,33609,35498
2820,29915
2911,6703,11366,16394,18717,21765,27358
2911
2911,35300
2943,6237,9135,19752,33628
2990,16345,32019
3077
3163
3210,19236
3213
3216,17936,28688,36248
3264
3282
3317,22637
3373
3377
3406,33562
3412
3456
3456
3457,34630
3527,13390,14508,15280,24345,25554,30604,32636
3564,25196
3587,16416,22543
3674
3680,8193,15743,16962,18987
3681
3701,9946,36546
3735,17648
3787,7880,26253
3809,36887
3836,11111
3880
3937,6848,9487,10109,15086,16437,16628,24525,24834,26484,34446
3954
3974,13489
3983,21304
3985,12841,16111
4039,19478,19529
4174
4223,31095
4307,13500
4406,11448,16846,28190,30014
4444,9258
4475,16425,19689
4475,5589,6595,9420
4475
4475,13069,14629,26391,33664,35695
4605,18605,27358,30718
4681,9883,17821,18674,28971,33649
4700,8717,26868
4753,5527,17648,30622
4762
4787,5861,6892,12091,13668,19332,21063,22870,27358
4904
4925
5017,8187,11426,18790
5038,11588,21505,28289,33699,36843
5096,22433
5227
5227,11262,20740,32286,33014
5279,9366,15280,21484,26681,28753,32916
5292
5355,6708,9012,9257,12637,15280,16803,17380,18303,20428,20945,22385,25476,32019
5371,13864
5531,17239
5578,31341
5578,32916
5578
5578
5612,13094,31341,33173
5633,12102
5658,13069,35247,35523,35898
5666,9736,15415,16501,33789
5890
5967,10582
5992,31136
6014
6068,11131,11458,13574
6111,6112,8555,11366,16350,21601,23785,27221,30942,35300,35317,36723
6152
6155
6197
6254
6284,27736
6305,34261
6334,14738,17815,36657
6363,13733
6384,9180,12967,14975,16674,17013,23716,24962,26076,26912,29066,32009,35791
6442,7393,14738,19156,30019
6446
6461,10618,14481,23657
6482
6493
6537,7393,9723,11253,11652,12750,15814,16724,24488,27667,30653,33628,33629,35282
6556,9385,25936,27660
6595
6595
6699,16902
6904
7000,24155
7037,14118,22720,23827
7155
7287,27362,32775
7342,27132
7368
7370
7481,10446,11264,16272,20745,21740,24936,24991,36587
7498
7501,15165,16628
7541,14285
7562
7596,8035,11157,14468,18111,19375,23991,26477
7597
7717
7835,18390,27388,33368
7928
7946,25920
8035
8035
8084
8099,19676
8156
8181,10469,14591,15593,16916,19975,26252,28761,32799,33014,33173
8191,19426,27508
8233,14101,37065
8278
8303,9663
8368
8411
8478,31632
8571
8590,24512
8941
9012,10446,20745,33562
9052
9065
9380,12362
9474,12092,16239,27900
9704,32265,34365
9735,30718
9793,17676,26454
9831,32375
9862
9893
9913,30360,31136
9930
9978,17564,18830,22272
10047
10085
10193
10200
10278,14616,14841,27860,36843
10301,14572,34964,35840
10427,10548,11253,12010
10446
10476,21907,30521
10546,29985
10636
10644,17936,18168,34930
10646,36400
10663
10685
10685,14530,19987,31213
11109
11259,15280
11259
11261,12669
11366,26285
11366,13571,14105,14630,16027,17529,17592,18480,19907,22389,28308,29359
11407,13101,20509
11556,35247
11657,15037,28216
11688,27271,35707,36205
11707
11714,18726,25382,35442
11788,17704,23506,23827
11871
11871,14381
11872
11914
11922
12010
12011,19589,20389,28946,29464,33282
12029
12074
12094
12102
12180
12281,15973
12328
12354,13367,18171,19725,34480,34646
12354
12362,17207
12384
12481,19618,24512,33629
12564
12661,19315
12866
12873,36359,36982
13035
13323,19803
13390
13502
13508
13754
13886
13899,28103
14001
14020
14050
14117,21044
14227,19022,22932,23507,33173
14264,23481,28568,34850
14291,15971
14366
14585,31874
14599
14616,16484,19426,21835,25025,28127,33788
14728
14780
14784
14789
14829
14878
14932
14932,17381
14968
15031
15086,27294
15183,17607,19907
15452,26681
15454
15662
15803,18791
15823
15983
16007
16118
16141
16155
16272,26468
16339,23213,24034
16474
16484
16484
16571
16571
16571
16653,22382
16656
16694,24626,30942,35149,36777
16755
16818,28083
16826
16923
17149
17152
17203
17207,35549
17240
17380
17383,26713
17472,20234
17524,35818
17590,20465,30806
17648
17648,20933
17648
17648
17648
17742
17876
17916
17936
17961
18069
18081
18096
18099
18099
18105
18105,25443,27976
18106
18186
18200
18230
18244,32083
18303
18303
18315
18471
18534
18564,20676,23181,34992
18593,30172
18607
18717
18717
18717
18746
18869
19050,20405
19087,29570,30982
19355,32644
19426,32476
19426
19529,24626
19565,20959,34403
19607
19693,36942
19785,36583
19837,19981,29521
19884
19907,26582
20262,20815,29848
20350
20408
20413
20449
20621
20635
20941
20965
20985
21031
21157
21304
21412
21454,27741,29078
21478,26925
21495,31076
21664
21707,36023
21717,24639,32164,36691
21851
21913
21992
21996,31506
22211
22272
22330
22433
22582
22720
22720
22850
22875
22959
23030
23089,26092
23142
23270
23271
23282
23293
23514,25502
23516
23569
23662
24443,33500
24443
24512
24525
24626
24639
24639
24694
24728
24778
24968
25049
25257
25366
25444
25500
25629
25876
25920
25987
26044,30360,33175
26197
26285
26289,30715
26355,26665,30158
26500
26582,26792
26601
26621
26681
26804
26846
26884
26951,30100
26951
27040
27132
27132
27132
27361
27369
27453
27530
27584
27660
27753
27883
28063
28091
28213
28215
28369,28414
28403,30677
28415
28526
28634
28753,31775
28819
28821
29046
29109
29195
29224
29260
29265
29357
29383
29662
29694
29807
29848
30261
30266
30381
30453
30453
30453
30653
30755
31037
31037
31085
31109
31136
31136
31136
31432
31726,36555
31825
31992
32025
32025
32213
32505
32567,32578
32580
32658
32674
32912
33543,33855,36869
33562
33584
33603
33690
33794
33857
33912
33982
34009
34009
34061
34103
34129
34175
34223
34276
34328
34517,35247
34561
34774
34930
34930
34930
34945
34985
35247
35367
35381
36126
36432
36745
36853
36957
37057
18,1057,1729,10446,12454,26681,26713
53
70,3412,4812,5633,10372,12734,33014
75,1728,5489,5543,6314,13510,17307,22132,23215,23524,24995,26743,27012,28415,29221,29612,30910
76,2642,6035,9704,13245,18663,19752,20620,24613,24805,34756,35600
81,2522,6111,8759,35495
92
133,2578,18546,36168
162,14229,34664
166
184,19752,23703,26889,30718
194,2569,3674,4605,5279,7876,10452,15434,15467,17936,20151,27164
233,418,562,3719,3922,4020,4219,5474,6014,6254,9194,9607,9913,11787,12160,12362,14679,15086,17583,17657,19201,19858,21912,23282,24109,25984,26815,26875,27569,27675,28053,28725,30182,30718,33090,33840,34215,34351,35894,35910,35972
252,10016,26254,31341
370,20092
370,848,1131,12097,12458,13571,14872,17239,19722,19997,23123,25967,27746,30633,31879,34774,36733
399,2003,5694,5878,7842,10372,11622,19926,24230,30976,35157,36792
418
420,1873,3527,3826,9014,11588,15361,18303,20262,21412,25645,30459,30516,32997,34930
445,2148,2442,2523,4327,4652,4762,8037,8476,8752,9164,9354,10206,10822,10963,11042,11109,12642,14599,16372,16482,16516,16687,17381,18468,20389,21322,21442,21773,22513,23293,23388,23506,23516,24021,24152,25624,26150,26320,26743,27650,29341,29665,30287,30616,33818,35154,35973,36204,37065
506,2234,12295,20283
562
573,976,1606,1883,1904,2485,2977,3316,3925,4407,6381,7022,7092,7843,8447,8764,8882,9454,9607,10415,10611,12457,12584,12646,12859,12873,12907,13018,13281,13361,13401,13526,13776,13852,14260,14264,15420,15747,16368,17149,18109,18301,18383,18513,18801,18803,19398,19696,20004,20397,20745,21157,21241,21345,21590,22519,22774,22914,22933,23525,23692,23967,24254,24362,24916,28437,29359,30037,30803,31351,32117,32164,33246,33629,34537,34595,34642,35088,35129,35426,35708,36056,36248,36308,36841
573
579,818,2670,3569,4467,4736,4811,5006,5318,8055,9119,9254,11176,12253,13486,15696,21913,26875,30576,32215
579,2234,2578,7253,9735,10059,12328,12566,19931,20168,20407,20731,21031,22975,23282,26167,27139,27943,31433,36026,36599
603,3318,7480
615,16741,31992
689,1074,1209,1258,1729,3922,6848,8035,8189,8807,13473,14264,16425,16766,17328,17756,18405,20945,21955,22433,24010,24834,26346,28199,32265,34718,35345,35628,36109
692,2578,2933,3216,4020,6258,6473,7144,7734,8077,8482,9116,9358,9552,9934,10206,10712,12368,12384,15215,15964,16845,17156,17438,19473,19595,20745,22552,22776,24512,24639,25952,27321,27522,27526,28053,29692,30622,30803,30877,31546,31970,32483,34276,35100,35169,35390,35655,35738
703,962,5722,7168,8001,9885,9933,10261,10546,13040,14077,14101,14328,14572,15039,15530,16278,16786,16845,17712,17878,18467,18987,18999,19224,19638,20796,21678,22029,22312,22762,23014,23802,24763,26214,28139,28213,28437,28610,28657,29271,29905,30428,30526,31102,32857,33300,33512,35948
711,13367
775,9178,14366,17529,17690,20621,21707,21913,30168,37083
775
843,13122,24443,35649
845,3975,8386,12987,14076,23428,25273,29306
846
867,25473
876,7579
876
1057,2300,3976,4020,7355,10040,17206,18037,19224,23188,24838,29184,33807,34633,35746,36957
1058,12599,19388,21486,28675
1076,17383
1076
1076
1082,9342,20290
1190,7312,9123,12997,15743,31713,36109
1190,18586
1192,4444
1360,3735,5245,19725
1397,1472,2003,5780,13260,18116,18586,23473,24037,29584,33699
1397
1397,12841,23286,30846,32806,37006
1397
1397,15687,29403,30989,32956,33546
1442,5161,11259
1447,1729,30317
1447,2522,4823,15101,20964,27508,33818,35867,36853
1448,21913,27791
1456
1456,29383,29915,33598
1492
1592,5926,14630,19478
1617,5738,7771,13852,14636,19199,19798,24716,33573,35763,36011,36434
1652,5787,10719,15997,23703
1675,24880
1729
1810,3366
1826,8962,9655,16155,16272
1836,35391
1841,5677,9160,18693,24274,25450,26178,26525,28139,32868
1937,16850,27969,28123
2031
2041,21304
2090,2769,5447,9436,25635,30886,31396,33190,34223
2108,25271,31538
2143
2144
2164
2234,2549,2556,3076,3140,6215,8116,9459,11261,16421,17670,21517,21677,21944,26265,26943,27596,28351,28544,29150,29425,30824,33246,33875,36434
2234
2272,24278,29368
2290
2320,19860,23850,27711,29615,34389,35915
2320,34949,36163
2333,7331,34087
2339
2339,23569
2355,14932,21077,25209,35391
2408,3148,4743,8213,23644,25809,35736,36749
2463,5599,9646,12911,13455,16742,20942,21402,22989,30925,34944
2469
2522,11707,30019,32375
2523,11392,22776,31274
2523,3638,6699,13011,16850,35391
2523,3625,7392,7923,26736
2556
2569
2574,6135,7696,18371,21957,22922,29302,35965
2578
2578,15746,18615,20407,31293
2578
2614
2623,4735,12866,16484,18099
2712
2712
2735,7182,13058
2738,4800,10802,11486,13600,16958,17557,21373,23087,23385,29777,34808,35714
2809
2871,9233,12242,18152,20048,23030
2911,5578,7301,15623,16516,18970,21495,23841,35300
2928,24293,26002,26167,33562
2953,5485,5889,6263,10546,14010,24515,24936,28431,30755,30942,33266
2976
3077,8877,14780,17644,26621,32208
3078,11259,13597
3163
3207,30901
3276,12030,25500,35804
3323
3366,34351
3421
3427
3428,24954,26477,31889
3431,4347,7729,8210,10356,10415,14714,17856,19013,22328,23240,23260,26246,26743,32573,33266,34055
3553,34774
3578
3598,17060
3633,20608
3649,9488,19714,22391,31762
3656,4398,5589,7643,8238,11327,11558,14899,17082,24716,33266,33443
3768,4961,7804,8252,21678,21714,24512,26621,28977
3928,4327,7815,8456,14532,15823,19072,32083,35100
4077,36056
4104,7282,24716,27686,34616
4105
4173
4219,6627,7292,12354,13913,16845,20428,25025
4327,14351
4327,8784,31617
4328,6238,6595,20168,22328,23282,24109,28701,30360,33603
4340,31992
4373,10701,24215,30623,32976
4431
4485
4578,26509,29308
4584,27835,32426,34441
4605
4626,7937,8252,13069,20614,32464,32483,33720,35114,37111
4652,34005
4752
4762
4814
4833,6204
4833,18200,36350
4904,18170,29005
4954,8231,13479,19105,23160,25280,27795,35781
5128,16845,30516
5176,10963,26468
5181,13067,18436,20848,25789
5208,14872,17648,33100
5208,8216,14765,19798,22254
5227,7519,10452,13064,15523,19839,22002,23217,30385,30864,30910,35315
5248
5279
5292,26332
5293,15897,25920,30622,35738
5320,7481,11871,19926,22959,32947,36168
5352
5360,7001,18315,19478,19748,20784,24028,25304,26743,27225
5403,11809,12479,16605,19646,28625,36795
5447,7380
5524
5575
5578,24639
5578,7984,24786,28462
5647,24639,26621
5671
5757
5819,21298
5889,6595
5900
5933
5947,9684,16285,18303,33574
5956,14977,25025,25209,25967,32299
6003
6017
6021,24543
6111,6461,7392,7597,11109,12354,14076,14572,16419,27485,28725,34774
6155
6314,6623,18389,35972
6343,15534
6446
6461
6476
6508,6627
6578
6580,7824,11147
6580,19803
6595,14932,15293,23987,24626
6595
6623,10452,15687,21299,25827,26173,33925
6627,13965
6627,7597,7903,36663
6637
6637
6703
6708
6773
6773,8183,18016,30595,30982
6773,13061
6871,8233,12866,14328
6871,8096,10082,20048,20468,24958,25938,29736,35158,36492
6876,9507,19748
6938,13061,36023
7144
7157,22578
7253
7287
7304
7305,24230
7342
7393
7443,7715,9585,11494,16220,16762,19065,22165,31685,33269
7537
7592,26147
7657,8447,11781,19637,27569
7670
7759,23481
7785,16795,24918,30185,32912
7824,27526
7829,20356
7879,11477,34024,37136
7903
7903,26020
7903,18192,22932,24971,32799,34195
7930,10672,26743,28103
7992
8001
8013
8031
8035
8035,10576,18389,25312
8113
8295,19107,21601,24891
8298,26951,29650,35136,35955
8368
8394,17152
8394,10193,12002,21336,22515,30130,35371
8501,15662,34964
8519,35738
8589,9535,13782
8590,11176,11554,19478,28112,32780
8603,30091
8832
9035
9186
9194
9220
9325
9404,12155,18178,26340,26808,34891
9404
9404
9415,29159
9420
9420
9530,22553
9577
9607,36218
9639,30904
9669,25055
9784
9855,31037
9913,23540,35435
9913
10059
10059,22385
10069
10146
10152
10193,10246
10200
10274,12001,15526,17585,25940,27027,33807
10415
10454
10517,28073
10621,25830,26423,26757,29135
10696,18547,29466
10701
10701,13707,18551,22727
10801,28083,33755
10912
11003,13945
11012,14738,15680,16654,20941,30470
11253
11259
11259
11264,21765
11315,35863
11323,20423,34069
11363
11366,17789
11366
11403,21912
11486,36168
11486,30982
11488,23012
11505,14249
11505
11570
11717,15142,23388,24626,27660,28688
11750,26658
11862,17540,23506,27402,30898,34657,36109
11891,16571,19163,35982
11915
11930,30709
11938,13855
12030
12049
12055,18721,31444
12102
12102,19127
12115
12260,32743,36957
12354,24768
12454,32123
12467
12491
12499
12564,19426,23857
12669
12697
12851,14878
12851,14767,15973,16845,18027,27322,36982
12851,17472
12867
12961,28375
13061,34175,36725
13069,17664,28452
13093,19127
13130
13142
13191,15314,30035
13211,14785,18494,19332,30981
13275
13301
13301
13367
13373,33827
13390,22312,29655,35018,37048
13502,26942,32117
13502,25363
13574
13587
13701,17657
13767
13768
13886,22850
13913,23030
13947,17626
14020,18001
14076,23282,33546
14086,14535,26634,32578
14366
14416
14572,24821,28665
14597,22319,24865
14616
14636,15687,25196
14644
14746
14785
14904,18178,32863
14932,19112,22455
14968,34478
15072
15086
15113
15288,24081
15411
15482,18099,26889,27009
15593,25363
15628
15687,28067,28761
15724,16880,26231,27530
15822,35628
15917,18001
15971
16001
16155,22029,37065
16269,16616,19820,21699,26756
16333
16425,19907
16473,26585
16484
16484,22341
16505,16825,28715
16616,18240,28964
16654
16845
16878,34084
16996,22111
17107
17107
17122,19478,20516,26889,27747,32352,34090
17159
17383,17389
17429,25225
17471,21996
17570,21270,26338,32634
17644
17648,20556
17686
17782
17973
18016
18017
18099
18110
18139,30516,36723
18142
18168
18201
18303,28063
18354
18389
18480
18512
19241
19242
19399
19511
19536
19637
19676
19748,27314,31136
19803,26743
19837,23506,25581
19907
19938
20204,22552
20468,25379,25500,26150
20495
20620,36945
20785
21031
21062
21116,33398
21299
21304
21505
21601
21667,24438
21678
21678
21707,22408
21765
21867
22002
22002
22002,23326,25502,25938
22029
22029
22029
22029
22171
22191
22347
22347,34548
22433
22920
22960
23240
23481
23577
23692,35515
23774
23880
23956,33634
23971
24236,25624
24487,30137
24511
24758
24902,26946,27650
24930
25007,31556
25150
25209,35523
25323,29647
25361
25363,29915
25477
25624,27753
25656
25723
25904
25925
26088
26129
26197
26201
26228,36674
26325
26451
26468
26484
26571
26621
26621
26649,36306
26674,26842
26681
26681
26752
26808,31756
26808,26846
27016
27091
27135,29046
27139
27251,36139
27322,30019
27322
27358,27673,35894
27512,29851
27562
27569
27653,34930
27847
27864,28182,33801
27943
28053
28071
28123
28190,28199
28413
28481
28701
28952
28964
29094
29221
29389
29463,30292
29648
29692
29736
29807
29848
29947
30100
30360
30370
30405,35546
30436
30453
30464,30937,33204
30559
30622,36872
30653
30653
30653
30758
30898
31043
31076
31135
31136,34848
31274,33551
31341,31914
31341
31633
31675
31978
31983
31992
31992
32245
32252
32476,35345
32916
32956
33044
33092
33173
33194
33285
33298
33347
33391
33475
33475
33500
33539
33543
33562
33598
33609
33755
33755
33755,34223
33780
33961
34070,34517
34345
34351
34365
34399
34403
34478
34614
34633
34773
34787
34891
34930
35065
35109
35300
35486
35492
35738
35738
35836
35939
36056
36109,36434
36157
36192
36492
36657
36872
36982
52
52
52,347,862,952,1836,1938,2151,2523,2625,2938,3366,3407,3443,3519,3921,4235,4298,4364,4407,4475,4822,5138,5175,5293,5389,5391,5536,5642,5780,5954,6754,7347,7463,7815,8074,8347,9175,9223,9332,10957,12036,12463,13197,13556,13702,13839,13896,14998,15372,16591,16599,16634,16646,16713,18167,19162,19535,19798,20501,21037,21412,21699,21962,22435,23130,23260,23616,23866,23935,24118,24391,24488,24864,24903,25245,25578,25683,26156,26193,27583,27584,28772,30326,31196,31631,31914,31926,32581,32868,32924,33506,33531,35408,36220,36570
58
70,9607,16959,20620
76,7480,9855,10200,11879
100,2428,6342,9177,11673,14544,16764,20168,25150,26573,29184,29915,36602
135,29777
187,1321,1875,2500,3342,3512,5863,7184,7262,11681,12133,14371,15919,20230,20996,23307,23540,24614,25992,27721,28062,29282,29483,29846,30570,30751,32604,32645,35704,35964
194
210,22958
211,19798,32503
240,752,1391,1700,2482,4020,5993,6469,8576,8924,8985,10162,10389,11878,12450,13616,13726,14493,14598,15216,15221,15250,15347,15357,15631,15740,16563,17347,17679,17942,19388,19834,20101,20703,20759,20985,21205,21737,22503,23615,24603,25084,25209,25332,26092,26134,26421,26524,26558,27591,28466,29557,29579,29711,31814,32187,34212,34362,34517,35129,35967,36026,36446,36542,36946
250,876,2625,2845,7474,10715,11237,14741,18232,20282,21257,24894,35471
254,10262,13016,14872,15971,16057,16339,16825,17380,19907,20213,28568,35649
269,14950
269,10223
269
350
418,4328,14707
418,983,8058,13934,16876,25624,27923,30040,34165,34930
418
498,1306,2049,3751,9630,13726,25987,29081,30258
535
562
573,18001
579
690
759,16628,23571
775,17240
775,1258,3841,6561,6829,9573,12142,13069,14630,16741,26088,27650,27753,29428,30182,30785,33328,34509,34633,35149,36599
818,16761,31542
843,1448,2045,2151,2554,3841,6112,6381,7714,8447,12314,14537,14669,14728,18081,19426,20941,20948,21216,22111,22341,22408,23827,23836,24547,25666,25717,27131,27660,27983,28190,28814,29219,29695,30087,30100,30367,30441,30755,30968,31699,32183,33603,35306
843,8050,10546,14707,16345,26884,33660
876,3691,4027,15246,18975,27225,30827,31731,31832
1015,11631,12742,15101,15618,20620,23949,35754
1030,12769
1076
1141,23516,33443
1192
1196
1246,4319,9667,24266,24391
1289
1289,16242
1303,19381,21672
1304,1397,3661,4373,5292,17611,29247,35179,36056,36942
1304,6623,7465,11648,13701,14960,15765,16633,17235,17839,20608,20647,21653,23313,23949,24010,25304,27713,29650,30302,30870,31002,32164,36157
1306,3974,20291
1308
1397,8590,12841,18315,25228,33443
1397
1397,33788
1397,3992,15469,25829,27602,28308,29848
1447,12255
1447,2108
1448,7815
1456,10200,31287
1480,6773,9831
1480,5939,10752,12142,14633,15033,16245,21681,30323,30726,34843,34868
1577
1611,15638,29909
1617,23410,31992,33071
1678,4397,5450,8833,11520,11798,11872,12303,12786,14239,14886,21038,21661,22330,23008,25380,25476,26752,28190,29485,30836,31226,31728,32287,33885,34591
1729,3496,5489,7168,8205,8284,9883,11281,12288,13920,14564,15593,16566,19199,19785,20882,21263,23014,23217,23314,24768,24773,25623,30384,30686,31383,33071,33100,33961,34612
1904,4862,13028,26325
1977,7923,8484,8504,13069,15280,23987,24488,25851,30595,36099
2031
2036
2041,2634,3283,3532,3974,6388,9183,10796,11072,12900,14968,15930,16118,16421,17272,17536,18006,18016,18648,20965,21249,23077,25699,26367,26649,26961,27358,27676,28614,29112,30914,31383,32777,33376,34964,36998
2042,12642,14664,22458,22813
2053,10231
2108,7480,7837,8559,10734,19724,23282,25907,28213,28677,29848,30253
2143,32814
2247,13035
2272,6561,18178,20250,32038,34136,35149
2282
2284
2351,2420,5694,7948,9186,14833,17377,18905,20087,21186,23019,23528,30179,30409,35250,35458
2425,8278,14101,33402,34657,36532
2464,30019
2464,3909
2464,8548,33295
2518,5613,11444
2554,6637,7517,7635,10448,17813,17878,24843
2578
2738,26285
2911
2911,27660,30058
2912,6551,6699,18106,32733,33120
2928,3704,5227,5770,6853,7933,8873,9415,13733,13886,14372,17888,18164,19332,19529,20058,20255,21651,24608,24894,25564,26197,26325,27526,28657,29355,30287,30360,31381,32636,33543,33855,34379,34660,35754
3048
3150,3704,8808,14700,28103,29077,34940,36618
3167,27399
3186,5697,15250,15662,33790
3216
3216
3249,16649
3295,16641,35664
3318,3777,6047,6276,9276,16851,17241,22936,25257,25296,26518,27653
3367
3456,12866,19642
3456,14839,20635,33818
3496,6592,15508,16741,16959,18716,20639,25515,26178,30094,35819
3515,8310,19112,27442
3527
3661,32571
3670
3704
3704,13373,30898
3847,7672,10306,14322,15894,19749,25768,33298
3902,21465
3991
4038,23089
4102,6699,7342,9913,10963,14077,33603
4155
4181,14344,21128,33755,35433
4181,10546,12576,14734,17380,17862,18260,20174,21308,22204,23833,25886,30755,31391,31726,31924,32140
4187,7765,16175
4269
4279
4328,14599,20048,22029
4532
4557
4619,7480,14556,20887,21765,34713,34976
4652,9415,11237,18025
4652
4708,10203
4735,27508
4753
4762,5227,22029
4768,32636
4814,7498,7537,20933,23983
4816,18314,19111,20524,22546,24771
4922,14738
5002,30593
5050
5227,21912
5248,6258,21950,23213,33194,35495
5279,7393,19529,20526,22328,25209,27559,28819,33500,34223,34401,35281
5293,33443
5299,8810
5355,13630,24309,34473
5389
5488,14232,15672,19240,29152,30964
5524
5578
5589
5662,25920
5683
5699,8599,9635,10010,19476,29389
5785,9233,10188,14988,17893,25646,26983,26992,27761
5826
5858,6699,9257,11109,11576,25653
5884,9562,14709,18217,23540,28289,31538,36350,36645,36872
5954,6080,9577,10576,15797,34982,36957
6021,10801
6022
6111
6111
6237,11750
6245,26681,27115,27569,28076,33010
6314,11259
6314
6343
6363
6391
6446
6461
6476,10822
6511,28812,30409
6571
6595,20737,34930
6595,8504,27132
6623,15971,16571,18060,32491,36461
6627,17272,35100
6699
6773,11366,17190,17471,27660,35655
6773,19987,26762,29947
6773
6773,25624,26681,33500,36056
6893,18867,27824
6893,35878
6905,8447,18389,26197,26752,30173,36599
6933
7043
7086,30863
7096,11041,21919
7142
7144,20868
7253
7342,8205
7368,31963
7393,20777
7470
7490
7537
7555
7555
7581
7622,24639
7635
7635,13630
7811
7811,21372,27153,29383,33939
7811
7876,33262
7903,9123
7923
7937
8013
8015
8027,9052,16345,32956
8260,36903
8343,29106,34891
8368
8368,17936
8394
8504
8537,10734
8606
8643,19931,22397,30360,34903
8717,11366,25920
8736,12088,14195,26191,28964,35100
8788,24716
8960,20620
9183
9211,18778,33942
9287,32956
9290
9293
9404
9415,26197
9456,10193,15983
9498,21746,23551,31932,31954,33441
9535,16425
9577,15662
9913,34743
9977,10701,11773
10059,34223
10200
10200
10446,14029
10447,34387,37064
10644
10656,18873
10685,15746,23030,27562,31268,34403
10701
10824,14153,20301,24615,33648,36927
10917,31851
10938,16509
10979
10987,14001
11004
11081,19529
11111
11141,16753
11147
11237
11237,12997,14118,18389,18513
11253,12180
11259,23014
11366
11366,13754,20955,24123
11392
11505
11648,14669,26634,36982
11731,35315
11758,14264,17542,25656,35384
11770
11964
11964,33788
11966,26214
11998
12019,22770,33083
12255
12295,24834
12298
12354,31272
12384
12384,28964
12657,23991,35038
12669,24269
12734
12866
12867,26391
12994
12997
13135
13251,30844
13361,23777,26372
13502
13502
13560,19044,20168,26164,27391
13574
13639,20017
13767
13782
13782
13886,18717
13899,33704
14020,30453
14101
14202
14234,14414,16766
14234
14366
14532
14553
14616,32347,33603
14624,35531
14644,14839,33574
14669,17637,20489,22521,30728
14697
14709,24586
14767
14956
14996
15086,21157,29389,33788,34090
15086
15086
15086,30514
15086
15103
15114
15246,31978
15280
15361
15452
15508
15515
15570
15604,22190,34838
15687,32674
15737
15743
15743,20620,21679
15930,21667
15973,18001
15981,18648,34336
15983
15983
16005,17235,27583
16142,18783,23998,26524,36010
16402
16474
16497
16578
16585,17380,25196,28761
16656
16766
16902,23326
16917
16987,17548,22384,28966
17034
17137
17152
17157
17207
17239
17310
17380
17382
17389
17463,22330
17472
17529,24123,35486
17529,33745
17536
17564,26574,30514
17676
17690
17708,20620
17833
17945,22979,24356,25277,30483,36117
18006,22824
18026,19104,32535
18099
18217,20262,21263,28966
18389
18576
18615,22562,23516,26332,29005,33562
18717,25876
18741
18830,20745
18917,28372
19020
19020
19097,22209
19114,31340
19135
19156
19199
19261
19332,22870
19426
19438
19476
19516,24495,31271
19529
19536,21101
19676,25758
19725
19725
19785
19801,29807,33500
19803
19803,37065
19889
19975
20016,26673,32636
20184,37078
20267
20271
20566
20566,31698,35615
20848
20884
20985
21003,22029,35161
21099
21157
21277
21279,26005
21349,24123
21462
21484,30453
21736
21851
21912,30511
21912
21996,27847
22029
22029
22029
22125,33125,33449
22433
22433,34405
22546,31992
22552,26762
22694,24346
22776
22822
22899
22963
22975
23030,26621
23081,28821,35315,35513
23089,35300
23089
23145,26332
23188
23240
23507
23944
23987
24488
24626
24639
24958
25016
25096
25241
25257
25304
25363,35158
25364
25698
25823
25938
25987
26028
26117
26117
26197
26251,27598
26285
26285
26483
26540
26945
26985
27502,33761,34090
27562,36434
27727
27753
27769
27852
27942
28103
28103,36527
28111
28477
28514
28821
28964,29219,36533
29005
29072
29184
29219,32916
29247
29389
29389
29466
29497
29502,31538
29507
29570
29687
29777
29915
30003
30019
30058
30100
30266
30360
30370
30616
30653
30718
30821,32347
30925
30956
31076
31109
31119
31136
31914,34930
31992,34517
31992
31992
32038
32162
32337
32591
32607
32642
32817
33443
33443
33475
33504
33507
33555
33562
33562
33603
33780
33818
33921
33968
34084
34090
34177
34478
34567
34594
34666
34715
34930
35057
35071
35136
35380
35390
35391
35422
35549
35549
35945
35949
36089
36168
36168,36599
36248
36466
36551
36587
36634
36660
36832
36841
36872
36885
36902
36973
36982
36998
37048
4,2345,3626,4328,5128,6254,6483,7759,8496,11724,11879,12292,13782,16876,17082,17364,18001,18483,19473,19785,20468,21846,22925,23089,23662,24281,25626,25751,26095,27068,28527,29805,33443,33515,35973,36537,37111
4,7597,19798,26221
13,24142,28796
52,418,713,1529,1841,1934,2003,2952,3165,3436,4466,4752,5176,6615,6876,6931,7597,7829,8231,8671,8691,9035,10167,10798,11268,11941,12010,12180,12900,12991,13699,14806,15050,15216,15278,16036,16419,16613,16956,17102,17359,17585,17604,17608,18843,20535,21199,21830,22081,22951,23528,24056,24081,24552,24912,24983,25681,26183,26590,27477,27488,27919,28646,29221,29731,30499,30699,31205,31444,31951,32203,32591,32778,32842,33175,33563,33768,35106,35492,35549,36155,36341
54,2070,2898,3387,25887
58,3077,25304
102,10573
104,4327,8549,10672,13659,23987,26951,27776,34595
127,22300
129,347,1397,3254,6627,7827,9186,9404,9717,11033,12091,12372,13533,14260,14442,16768,18170,18248,18315,18655,19572,19912,20498,20731,20824,20955,21148,21199,22094,22294,24516,25589,25982,26775,27080,27890,27904,28102,29221,31659,33362,33546,36350,36869
133
269,1306,1447,2447,5279,7712,10446,10752,11526,12867,14532,14572,14630,15119,16958,19001,24329,28347,30785,30796,31069,31250,31383,32636,36784,36835
269,1221,22311,26435,27858
269
279,697,2041,7179,7668,14390,27871,29243,32304
418,5048,5504,8475,13067,16417,19288,23930
534,3081,6592,8145,9074,12328,15534,15743,19148,24786,27477,27660,30910,33014,34433
534,2068,2247,2320,8978,9014,9535,10944,11064,11733,11857,11879,12119,14043,14651,15329,17648,18826,19860,22028,22341,23766,26153,28630,28814,29341,30287,32727,34567,35387,36433,36745,36872
551,11879,11937,13373,15031,27526,33500,35247
562
562,2143,5884,7415,25581,27000,27486,33108,34478,35579
574,28273
583
611,7264,10193,11446,14783,16125,17441,17769,20747,26285,26786,28567,28754,29334,30278,32076,34275,36829
612,2068,5889,14606,16681,21151,28688,28872,29534,31037,31136,34740,35630,36192
637,14593,15488,25566,37008
668
718
759,6482,13162,15781,17736,18297,18729,23450,23506,31565,35076
846,21043,25307,36218
871,2046,2381,6014,8827,9354,11010,11253,11544,12864,12866,14553,15523,16544,17272,19800,19926,20077,20919,21406,21827,24256,24443,26669,29219,30059,31238,32827,33603,34924
876,3006,13061
890,2205,2372,3042,3363,3787,4254,4674,4748,5012,6171,6241,6995,7103,7123,7561,7702,8131,9848,11279,11613,12282,13319,14772,18442,18703,18955,19548,20262,20287,20933,21067,24125,24368,25077,25082,25365,25813,26038,27632,29131,29620,29632,30307,30346,30699,30942,32272,33065,33149,33521,33778,34822,35969
922,4752,8015,15973,29068,30436,30886
960,3983,4208,4508,21304,23172,25619
970,18791
1048,1117,15678,37065
1076
1076
1192
1360,8336,14190,15877,21208,26139,30513,32602
1397,12102,18035,19156,26529,27559
1447
1469,25823,26660
1575,9664
1590,6503,12169
1617,23507
1652,21644,30846
1762,6552,33923
1797,8519,8842,9404,12110,14813,15037,26484,33010,33431,37001
1799,14128
1871,10473,13159,17235,21663,21691,22606,23260,23556,27199,37014
1873,1977,2522,5704,8996,9135,11259,12442,13745,14118,14616,14932,17389,17673,20114,24834,26252,26322,29308,29393,30142,30661,30699,30785,30806,30934,31493,34808,34994
1873
2049,7782
2098,27923
2108,9074,17644
2119,7597,10446,11781,24123,33660,33780
2151,2309
2284,6627,7342,8148,9608,10231,12163,15823,16339,17387,18562,22162,23211,25134,29301,34509,36936
2327,3069,4390,5623,8820,10514,11477,11750,13361,18955,19710,20516,23070,23099,23188,23717,23898,24861,26057,26726,27416,27559,27836,28083,28750,31177,31250,33475,34319,36723
2339,3551
2339,17973
2394
2403,7072,10131,12004
2441
2459
2473,5269,8655,24639
2561,17644,29815
2578,21263,36333
2578,30454
2578
2578,13367
2580,29221,32789
2623,26846,32231,36340
2712
2720
2824,34517
2911,18016,19642,26658,33598
2924,18383,18881,23859,27773,30433,34591
3050,22963,26454,29764,33100,35978,36957
3096,12952,22288,27452
3102
3176,18551,22449
3186,25827,32340
3216,4105,9554,33523
3223,9031,10514,33500
3226
3276,6014,8549,9847,10452,14532,22029,24639,26307,30347,34595
3366,6343,13069,17815,18506
3366,7996,10372,10612,14561,14741,16519,17247,18201,21613,22014,23470,30094,30424,33649,34612,36385,36840
3398,10488,26197,33543
3456
3456
3564,3985,6704,24903,27583,36354
3573,33230
3631,7597,20632
3661,28852,36745
3674,18615,28199,36942
3674
3782,19509,29732,32081,36356
3847,5184,12362,17445,29805,35247
3937,15467,28199
3985,5227,20620
4039,17328,17380,26804,30100,30173,36957
4105,25982
4283,14372,22029,35600,35754,36403
4327
4327,10514,12719,13069,19020
4394,15662
4475,33957
4475,9173,16763,24030,36695
4853
4896,11556,13355,14416,14837,19476,22507,24997,31726,33250,33745
5013,8476,15735,16330,18589,24968,30360,33175,35670
5128
5164,5985,7649,11374,12857,16421,18243,19445,20063,21739,28030,30125,32691,36533
5279
5292
5298
5309
5352,21101,22807,29355
5352
5425,27141
5443
5488,22002,23282
5571,12305,13367,17207
5632,16956
5658,7740
5712,34871
5713,9576,32308,36461,36843
5848,19561,25117,33374
5863,8432,35714
5890,14616,32375
5929,9405,9704,10231,13130,27402,35100
6014
6027,18254
6111,9793,34930
6314,7421,10961,11259,14211,15452,15853,18099,18598,18830,19798,20993,24073,24639,30910
6314
6343,32479
6343
6442,23500
6461,23240,36599
6461,20620
6461,8358,31648
6476,29485
6552
6580,17207,34577
6627
6630,24362,27502,35655
6699,12614
6699,24902
6699
6699,22976,32674
6701,17679,34278
6773,7393,7966,13546,24462,31239
6773
6773
6821,33598
6893,27836
7086
7150,29676
7152,9266,20891
7309
7421
7480,8394,25762
7481,9607,30019
7498,9300,13867,16932,22041,23978,26475,27414
7579
7635,13116,13797,17375,21673,27660
7714,22347
7756
7811
7903
7925
7961,15293,16571,28589,34351
8105
8108
8117
8134
8134,24345,24980,34715
8216
8379,24702
8394,10097,34195
8394,25920
8394
8519,12005,12347,15743,18546,25500,29159
8549
8549
8559
8669,9324,14720
8676,13301,22029,29781
8717
8756,14480,15391,17732,23131,26713,26998,28932,29479
8761
8863,35258
8877
8901,24988
8924
9020
9035
9194
9255,29184
9302,26594,28819
9319
9415,22389
9415,16291,28875
9466
9476,15246,15452,19981,24109
9505,11271,34379
9576,9971,23240,31825,35579
9577
9577,14557
9603
9730
9730
9735,12340
9751
9787
9793,24362,30964,31792
9802
9831,17644,35247
9831,29813
9913
9913,26285
9946
10059
10082
10200
10345
10415
10446
10540
10568
10625,12492,31177,31825
10644
10658,22712
10701,26743
10701,22312
10701
10701,22635
10741,24109,36356
10788
10822
11083,18562,35863
11094
11109
11147
11249
11366
11458
11512
11579
11624
11775
11781,17383,30653
11892
11970,17161,28409
12019,16207,30877
12029
12029,13473,23756
12072
12087
12100
12102,17732
12155,36691
12180
12200
12255
12328
12354,23949,33173
12492
12513,28000
12734
12866
12900
12997
13000
13067,16547,23410,36248
13069
13142
13260
13293,36673
13368,35802
13485
13502,21818,28541,35317
13502
13527,16188,26726,34945
13574
13701
13726,16845
13732
13782,23240
13797
13884
14101,32863,34281
14239,15306
14264
14322,17411,22720
14329
14525,19682,27132
14573,20803,28505
14599,35708
14629,18049
14636,23145
14661
14709,17648,21495
14709,17207
14722
14734,33173,34930
14796,20517
14948,23326
14988,23030
15016
15086
15149
15182
15252
15378
15439,26239
15469,16223
15599,32799
15764,17648,20698,27675,36607
16016,30653
16111
16184
16184,17152
16272
16290
16402
16484
16585
16653
16660
16713
16802,19799
16845,21304
16847,17463
16947
16962
16974
17082
17152,17679
17389,31831,35247
17445
17708
17781
17782
17815
17856,33115
17995
18106
18139,26197,29221,31731
18178
18200
18200
18243
18315,31515
18389,19022,34070
18603
18611
18717,20617
18730
18837
18852,24626
18961
18970
19115
19127
19132,35595
19299
19419
19434
19472
19718
19785
19798,31862
19858
19907
20255,24421,33631
20262
20608,30058,34458
20620
20620,22328
20620
20935
20941,22963,28109,29809,33601,34125,34633
20941,29281
20965,34796
20985
21038
21099
21167
21336
21336
21402,26574
21413
21484,22149,22338,24639,25515,26320
21505
21512
21636
21644
21842,35215
21867
21913
21940
21943,25830,33400
22002
22029
22029
22105
22180,23987,35795
22254,22796
22272,31837
22304
22338,34718
22455
22478,32382,33175
22690
22720
22720,25352
22933
23213
23240
23240
23240
23252
23353
23374
23500,27753,30475
23507
23649
23726,28498
23737,26871
23949
23951
24250
24294,32019
24342
24345,30592
24386,24767,28905,37129
24639
24822
24918,29805
24942
24958,26092,28415
25163
25189
25304
25304
25500
25578
25666,30511
25818
25920
25920,33475
25938
26197
26199
26223,33780
26285
26312
26332
26346
26360
26454
26468
26468
26491
26576
26590
26606,30019,34614
26713
26738
26804
26884
26889
26948
27000,32228
27132
27132
27303
27314
27358
27362
27455
27455
27502
27508
27526
27569
27650
27660
27670
27911
27923
27980
28073
28109
28190
28203,35247
28236
28251
28294
28312
28324
28355
28481
28819
28852,31187
28867
28932
28964
29124
29150
29184
29219
29219,31107,36597
29459
29468
29736
29888
30086
30136,35390
30137
30265
30360
30405
30440
30440
30605
30653
30910
30942
30964,33562
30964
31056
31120,31239,34652
31293
31537
31567
31726
31726
31749
31781
31833
31992
31992
32080
32375
32413
32503,33745
32591
32799
33053
33115
33194
33227
33266,36526
33298
33313
33475
33500
33562
33755
33755
33780
33876
33978
34351
34351
34403
34505
34740
34871
34883
34945
34949
34954
35247
35318
35345
35486
35486
35562
35628
35738
35754
35915
35999
36034
36109
36285
36461
36533
36533
36569
36603
36634
36853
36955
36957
36960
37065
37091
12,5361,16834,19020,20882,26454,27824,31971,33263,33974,37091
39,759
76,180,269,3436,4752,5054,5390,6328,7181,7327,7643,8669,9487,13538,15387,18027,19303,20882,20915,24470,25277,26435,26743,27452,30663,31556,31836,32308,33546,33745,34403,36263
114
228,773,3598,21495,29159,30964
269
300,585,749,1211,2641,3960,4007,7236,8480,10888,13194,13708,14961,15909,17171,17894,19648,21302,23016,24524,24889,25505,26752,27779,28057,28635,29031,30153,30199,30409,31641,31756,33231,33441,36040,36241
322,2070,5227,6068,11764,15917,27220
322,2424,18099,20171,32916,35510,36620
339,1009,3996,4491,4853,5080,5685,6434,9797,10258,11458,12124,14279,17169,20602,22332,22850,25576,26726,26846,28819,30164,33939,35472,35708,35845
341
366
418,30863
505,1289,8549,9178,9723,14463,16766,17529,21667,22850,28071,29778,30728,36281,36927
549,6152,23949,25939,30453,35804
553,2041,8205,8206,9684,10546,10625,11403,11631,12354,14616,17648,18344,19642,25150,26804,26951,27971,28102,33818,34365,35294
562,3651,7793,7984,9420,11245,12392,13367,17529,21322,22136,22254,22818,24639,27016,30516,34930
579,1209,1447,1762,3077,4546,5157,6502,8966,9420,9750,10082,10850,11486,11631,11673,13574,15086,17717,18383,20407,22324,24438,25005,25624,28964,30100,30653,32215,35835,36998
587,13574,18803,19921,20234,31933
598
599,1198,1633,2654,4416,5964,8630,9091,9128,11056,18674,19332,21999,22917,23236,23485,24834,29616,30528,30620,33533,34585
612,14828,34509
711
713
759,16367,34351
775,21765,21913
775
775,4859,5575,12023,18383
775,2755,4814,6592,7183,7393,7577,9563,10082,10701,11871,13061,15971,17380,20556,21038,21601,25920,27402,27477,27562,27776,28774,31659,31984,32956,33014,34365,35100,35149,36056
775,5227,22850,33562
876,909,16891,20985,36835
895,24590,32242
905
927,1155,1728,2199,2224,2522,2836,3366,3431,4262,4410,5145,5232,5585,6491,6592,7116,8420,8631,8924,8944,9336,9703,9735,9769,9828,9854,9987,10769,11536,12096,12352,12354,12628,12678,13241,13817,15103,15480,15973,17524,17627,17665,17708,18300,18558,18717,19162,20945,21578,21667,21717,21786,21918,21931,22328,24045,24081,24709,24760,25122,26270,26590,27115,28237,28466,28634,29355,29399,29584,29644,29665,29965,30003,30607,30709,30881,30904,31433,31454,32609,35407,35766,36149,36607,36745
960,4753,4851,9630,10200,14381,26391,26484,26590,29403,31833
963
993,33603
1030,21651,22389,34778
1030,3661,27469,30653,34842,35345,35461
1049,1367,4075,21717,25223,26197,27040,27265,27419,28200,28644,30967,36335,36347
1053
1057,1397,5080,8788,17813,28594,34499,35247
1068
1074,6482,11902,14645,17102,30845,32308,35036,36204
1076,8784,17266,20498,22976,24804,26028,33014,34811
1085,1317
1138,26746
1188,21651,23217,34799
1258,1532,13368,15675,18604,21957,24153,32797,36140
1289,13502
1289
1335,6254,7876,9052,11109,17644,20428,21037,22330,29219,34005,36297
1397,2522,5292,12866,14771,15971,17708,21336,22093,23188,24804,28203,35092
1447
1456,4904,24098
1477
1480,3307,6446,7824,15399,17161,17239,17457,19264,21205,25292
1498
1544,36872
1730,1977,3680,4796,7622,10573,18389,19022,23388,27132,28030,28053,30308,30653,31731,32567
1875,2101,3254,4452,8186,12601,17215
1977
2041,3584,8156,8298,12884,14174,15086,16653,17278,17389,21986,22796,25829,26809,30091,30863
2050,20151
2068
2143,12102
2227,12102,24639
2247
2262,10672,11403,16125,20919,35307
2272,4244
2339
2339,3077,5208,6035,14264,22628,26346,26529,28601,33500,33562,35655
2371
2390,14651
2444
2502
2522,14372,21038
2523
2523,3661,24560,33562
2541
2561,6198,11731,19164,32019
2561
2578,4039,6552,19419
2578,28821
2606
2625
2640,9401
2731,6592,9484,31743
2906,29121
2911,7342,10546,15687,23423,25936,29642
2928,5707,6473,17648,18344,21986
2938,18072,20822,26769,27244,28556,31383,33577,34229
3021,11128
3027,30910
3077
3151
3216
3272
3366,13483,16408,17676,22870,25278,25938,26465
3366
3416,16741,28512
3456
3457
3514,4020,5279,5656,6871,7501,7595,7928,9847,11005,13373,14835,25489,27216,34090
3515
3517,14522,17352,18297,19642,20649,30046,32578,33018,36379
3611,10627,14530,22269
3662,35317
3704,5292,7498,8549,13473,35300,36248
3841
3841
3875,4381,6701,8924,12354,13009,17130,17173,20964,26364,31056,32130,32564,35492
3972,19262,23929,27409,36613
3972,13502,15732,22029,36192
3983
4038,14841,27841
4039
4105
4121
4229,14336
4280
4373,30755,31037
4373
4423
4441
4532,10073
4554
4558
4708
4735,17690
4762
4783,9194,25257,25887,26884,32980
4787,12644,15050,15665,18215,25438
4796
5041,18977,24083
5138,14762,20048
5138
5165,17529,24639,28122
5208
5360
5578
5623
5632,16942,23721
5658
5704,28821
5806,7657,8759,8922,9577,12491,23976,26147,26491,26681,33603
5861
5890
5926,6343,11473,17644,23500,25257,34351
5993,17541
6035
6107,8630,9194,10211,13863,15119,15221,15910,15964,15965,19725,24474,27614,27703,28821,29481,30846,35714,36849
6111
6155
6185,7951
6240
6258,9052
6274,36723
6284
6294
6446
6461
6476,17708,17782,22473,22932,34018,36982
6491
6580
6587,18467,31713,32025
6592
6631,19179
6661,13835,15257
6699,10511
6725,9415,14103,21164,22656,25951,26066
6773
6848
6871
6893
6900
7150,28358,32578
7253,9913,19419,22312,27569,28103,28393,30964
7274
7279
7287
7341
7364,10372,12313,17463,19642,23506,33099,35952
7393,23091,30758
7432,9735,9913,10149,28413,30360,31862,33400
7438,10734,15183,32019,35662,36023,37033
7461,10568,21157,25502,28753,30021,31272
7519,8519,30716
7555,13855,20033,24603,26685,26743
7592,10963
7597,28127,28774,36284,36723
7603
7635,11323,14322,14556,34000
7659,18106,28199
7704,11707,15593,34595
7733,14532,30267,31544,32382
7759
7771,32187
7928,10082,11259,19642,19931,31992
7937
7984
7984
8004
8027,29318
8035
8035,28355
8035,27686
8035,16826,21644,35247
8170,16651,23684
8216
8216
8216
8216
8426,19803
8472
8549
8549
8571,9333,9956,11109,13067,13323,15381,17126,23017,23827,24609,26804,29627,33661,35589,36982
8596
8599
8706
8788
8810,27753
8834,19860
8996
9012,34379
9035,24639
9038,25516
9074
9084,33821
9098
9125
9233,35317
9290
9411,19552,27535,31975
9415,16345,24109,26251,26529
9476,12261
9476,17732
9534
9547,12348,22254
9565
9704
9715,12248
9736
9780,19718,21618,25717
9784,31416
9793
9913
9934,21216
10010
10026
10059
10082
10123
10131
10258,14381
10309,15482,32863
10356,28541
10446
10446,28404
10452
10469,18880
10469
10546
10645,27132
10892,20692,24526
10893,30516
11012,30595
11109,11731
11110
11237
11261,36492
11284
11448
11526,32503
11648
11732
12005,24578,26435
12065,15281,15781,18301,20264,21424,22700,23865,24995,25904,27209,27439,27676,28481,30931,35841
12102
12328,33755
12454
12491,14785
12540,24342
12614
12851,27569
12866
13093
13217
13298
13301
13422
13422,14001,31623
13509,18170
13782,14070,26458
13797
13954
14101
14174,15687,20745,35303
14202,35604
14217,20256,33827
14227
14508,24562,30766,37008
14525,16129
14530,14599
14553,30360
14554
14585,22511
14589
14616,36456
14705,21101,27409,28819,29260,32229
14728
14756,16628,23854,24756,27015,28680,28970,34324
14780
14785
14793
14932,16345
14955
15016
15086,17445
15086
15086
15183,21484
15216
15280
15293
15391,19095,33756
15509
15593
15607,35658
15687
15687
15697,16491,19419,20234,35294
15743
15743
15758
15894,25230
15971
15971
15971
16153,25366,34276
16345,21996
16397,16877,16945,17333,29153,32705
16484,18099
16510,20389
16585
16666
16826,30360,34715
16947
16959
17026,27255
17058
17152,23569,29452,33500
17205,19544,22877
17207
17380,24226
17380,26346
17558
17564
17564,17597
17583
17618,27731
17644,26582
17648
17726,25631,33741
17732
17733
17831
17856
17911,20282
18001
18043
18063
18099
18099
18117
18167
18200,22976,36248,36350
18200,30028,33664
18217
18217,21945,30622,33092,36492
18295,32233
18383
18562,26889
18569,31169
18617
18717
18790
18970,20635
18973
19030
19529,30453
19548,34750
19642,19926
19752
19785,29905
19803
19845
19907
19913,31432
19987
20044
20063,33282,35345
20262
20262
20264
20303
20387
20407
20597
20608,25150,28289
20620
20965
20965
20975
20983
21352
21371
21406
21449,30853
21484
21589
21678,30173
21765
21798,27135,35300
21818
21913
22002
22029
22264,27427
22297,26124,30058,36465
22312
22328
22433,35318
22455
22600,26131
22776
22822
22904,30925
22976
23188
23480
23507
23507
23516
23766,27451
23766
23821
23865
23949
24034
24438
24487
24499,34377
24512
24512
24672
24716
24716,33562
24716
24768
24834,34517
24834
25007
25304
25364
25502
25538
25642
25829,25920
25920
25938
26179
26332
26472
26538,30692
26705
26756
26804
26836
27251
27306
27451
27453,31515
27526
27569
27612,30433,35815
27660,32019
27727
27847
27856
27885,35422
27969
28083
28216
28323,32129,34091
28527
28594
28601,32159
28753
28964
29150
29229
29261
29261
29403
29570
29805
29947
29985
30043,33666,36994
30100
30100
30198
30253
30360
30453
30529
30545
30653
30938
30942
30982
30982
31136
31177
31250,32400
31274
31376
31459
31494
32019
32019
32037
32160
32347
32743
32789
32943
32956
33010
33014
33216
33282
33443
33498
33516
33562
33726
33745
34472
34517
34567
34612
34715
34763
34774
34803
34885
34913
34945
34982
35092
35129
35141
35149
35345
35495
35727
35738
35746,36795
35822,36673
35822
35894
36056
36111
36168
36236
36533
36921
36953
36957
54,2284,14616
58
75,184,2143,9577,13284,15258,19156,21765,27686,27753,32117
100,1480,1490,3435,3515,3670,3719,6446,8717,9505,9651,11253,11673,12895,13367,14537,14572,16367,16713,16891,17557,18117,18406,18791,19534,19798,20757,21116,21765,22341,22473,23036,23481,23817,26185,26621,26846,27125,27731,28814,28964,29184,29521,29531,29777,30633,30825,31515,32777,32780,33515,33756,34168,34517,36058,36998
114,4475,4893,13781,15373,17948,19020,19637,21765,26346,27221,29452,33957,34403,36663,36815
154,6476,13502,14857,15242,15743,22772,25411,26951,27132,28030,30159
281,422,579,775,1104,1502,1821,1899,2050,2816,2829,3270,3657,3680,3711,3848,4315,4359,4567,4896,5076,5656,5926,6442,6848,7360,7625,8447,8669,8713,8912,9385,9582,9942,10689,10992,11060,11072,11092,11111,11298,11631,11911,12354,12678,13373,14260,14442,14673,15042,15192,15967,16605,16890,16891,17236,17476,17782,17856,18401,19036,19156,19284,19569,20049,20262,20304,20773,20985,21101,21996,22211,23130,23240,23826,24123,25070,25180,25233,25373,25421,25462,26046,26221,26223,26369,26857,26868,27225,27244,27388,27676,28084,28928,29005,29195,29255,29344,30072,30183,30963,31029,31268,31699,31947,32242,32375,32571,32656,33574,33609,34084,34713,34763,35549,36023,36204,36546,36942,37137
283,29030
347
350,8638,11237,12738,13649,14020,14312,14950,15180,15204,15456,15629,16339,18296,19532,24512,24519,25144,26762,28071,30019,30674,34284,34318,36528
464,6855,7517,8476,8752,13707,14239,17278,17529,20355,21205,22338,22713,26500,27339,27387,28127,28817,29521,30616,31444,34517,36501
529,551,963,1244,1733,2898,6821,6841,7252,7948,9183,9573,10030,10082,11290,11526,13984,14767,15991,16724,17380,18546,20919,22328,24539,25421,26743,28452,29247,30063,32866,34365,34964,35230,36795
543
551
561,6423,6853,14020,15204,23211,30436
562
579,1447,2436,7001,7253,8996,11190,14715,22807,23292,23865,24512,24880,26002,26658,27016,27323,28126,29308,29989,30839,31686,33037,33391,33925,34805,36998,37078
697,13942
708,4643
759,4768,7635,9362,9404,25967
790,5373
843
850,3515
854,4731,5050,8394,8915,11914,12599,12669,18027,20509,23282,26846,26923,34351,34715,36723
871,930,2498,2713,7094,9892,13147,15731,17634,20532,21973,22095,22312,23270,25375,28459,29925,30142,33085,33233,35758
876
909,3236,5157,8216,9913,18720,21691,25500,26285,34891
916
963,16766
986,5945,11546,17380,17815,18503,21644,27519,31304,32578
1053
1055,5740,24483,30942
1064,3215,4620,10050,17600,19721,19810,27501,30846,30861,32971
1076,13323,16735
1076
1077,28840
1209
1209,3587,4348,5054,10693,11264,12614,14669,15387,16501,18043,18603,18881,24495,29428,36157
1258,2068,4104,4237,13069,20055,26057
1258,1745,2108,10410,11868,13920,16739,18655,20513,22272,27451,28861,29570,29848,32186,34869
1292,4315,4712,4967,6737,8444,8881,10036,10540,13726,15434,15876,16977,18480,19752,23744,24902,25644,27005,27349,33649
1306
1308,1807,2525,2705,2888,3313,3337,4132,4809,4927,5168,5386,5766,6050,6078,7697,8596,9449,9582,9660,9721,9731,10004,10921,11264,11620,11993,12961,14209,14628,15646,15712,17152,18213,19224,19243,19706,19837,20124,20745,20886,20954,20963,21245,21265,21351,21905,22361,22403,23422,23478,23721,24196,24543,25967,26450,27271,27526,28580,28611,29101,29556,30102,30162,30366,30959,30964,31662,31722,32601,32690,32734,32858,33629,33720,33956,34949,35665,35834,36870
1321
1363
1397,22272
1428
1447,2510,3593,3945,7392,7648,9222,9335,9987,10203,10364,10394,12255,12271,14270,14351,15823,16766,16958,19163,20234,20620,23822,25304,26946,28109,28995,29304,33246,33970,34365,34421,35281,35819
1447,21812
1456,2284,4800,12102,17445,17529,19478,27885,35819,36795
1472,2301,4769,18020,20710,24917
1571,5138,5747,5901,9173,11005,12851,13649,14535,14606,14785,17332,17893,18217,19718,19991,22028,23081,23949,25564,28109,28462,28568,30516,32117,32332,33562,36020,36483,36552,36957
1591,4925,10711,16467,19657,21676,25966,27601
1617
1694
1714,6665,12321,12697,27760,31136
1783,2925,5958,6342,7439,9974,13301,19225,23521,25981,27345,29283,34163,34428,35124,36570
1810,3163,8549,22932,23901,24837,25363,31992,33475,35390
1853,3584
1873,19637,27923
2003,7729,16155,26044,32231,36448
2041,2870,8278,10082,15743,16055,16419,22003,22570,23089,26946,27686,30803,31076,33298,33340,35065
2049,10200,23213
2070,13502,14629
2090,9052,31076,32883
2092,4228,14734,33699,33775,34850
2234,3704,4105,6537,7814,8877,11259,14872,15687,17645,17708,18562,19642,19752,21037,22290,26325,26816,28393,30440,31085,32308,33523,36157,36369,36533,36984,37132
2267,12222
2309
2320,4105,8347,20621,26346,29341
2327,6592,9582,21844,23278,23821,27971,33770
2339,15213,17149,22347,34470
2430,5338,6638,7661,10035,12517,19556,20335,21038,21283,23751,25681,28336,30361,31555,32425,32457
2442,2585,24603
2453,36333
2464,35495
2523,2836,4105,10568,10721,12313,14264,16098,16272,17272,17597,18178,22215,26815,28190,30925,32868,32916,33648
2523,8297,14414,15205
2559,8336,10837,13108,20494,28996
2561
2569,9222,19478
2578
2578,17246
2580,3340,4605,18468,26502,27244,30400
2625
2793,8035,10951,16741,17856,20168,33037,35458,36957
2793,11750,20179,26197,27419,27583,34867
2822,6838,9562,14414,16891,34222,34250
2829,32775
3021
3077,11754,16826,27135
3186,14899,21495,25500
3209,10483,12669,15490,25694,27847,36620
3216
3222,3853,7022,11526,34517,35247,35318
3223,17644
3366,23030
3398
3398,24786
3532,30715
3578,4477,5791,7931,9012,9784,12990,13095,13428,13701,15652,17022,19891,20784,21020,21175,22552,22933,26307,26332,26395,32301,33265,33505,34565,35768,36677,36764
3579,14059,20523,29752
3661,13067
3729,14328
3886,24123,34854,36829
3899,18708
3951
3972
3984,21099
3985,28774
4015,6511,7811,8880,21185,28725
4077,6773,21818,22338,30514,34930,35681,36056
4105,22552
4440,6111
4525,6566,12671,18674,19642,22312,29389,30936
4532,35655
4567,13925,19087,25629
4703,16613
4732,12255,32619
4735,16425
4747
4762,9224,18546,21948,27569
4768,10452,15221
4785
4787
4796
4859,11508,20757,25899,27034,33943
4893,8467,24021
4923
4955,25364
5010
5054,19153
5128,18316
5128,12102
5184
5184,25257,32271
5194,24912,36773
5292,6703
5614,30381
5623
5632,12372,29525,29715
5838
5926
6003,23188,24786
6089,6773,7086,11979,15452,21436,22976,28245,32332,33855,35113
6111,11264,18099
6123,7733,9913,10801,12897,14644,16544,30714
6166
6262
6294
6314
6334,7621,8831,9934,13530,13637,19022,24821,27612,28931,31699
6423,12738,24010,30436,32019,36465
6456,22813,32347
6461
6461,25363
6561,8960,9366,11922,20255,21296,21495,23978,24512,25364,25656,27131,27361,29534,30358,33298,33551,36465,36515,36613
6580,6773,20428
6592,8464,9345
6627
6631,15687,24804,28514
6637,17690,21459,34715
6699,6977,11781,15378,17815,21263,25196,27943,28657
6700,22579,31862,34520
6703,32291
6773
6821,10625
6829,21175
6848,30173,35149
6871
6871,7392,18200,30511
6879
6972
7044
7076
7186
7252
7342
7371,14365
7393
7463,9243,11264,13069,16959,17938,26200,36957
7480,22136,32674
7480,16345
7492
7555,11488,12997,13101,28481,28774,30616,32642
7597,26401
7622,10059,10469,15971,16345,17815,19565,21412,23833
7622,16425
7637,32020
7657
7687,16240,16505
7759,8759,21818
7829
7850,19095,22098,24454,29101,37073
7903
7931
8029
8094,32827
8181,22720
8187
8205
8205
8216,29247,36220
8309
8394,23598,30037,32883
8394
8408,17437,18662,34351,35201
8447,32479
8519,12351,33151,34244
8519,17389,36634
8519
8536,26454
8536,29915
8549,10059,13061,13886,23030
8586
8589
8627
8646
8752
8776,11553,27770,27819,34403
8846,25363,30545,32806
8847,24661
8866
8878
8962,29386,31770,33788
9012
9035
9052,26951
9060,21175,26804
9074,31385
9415
9420,11526,24007,29142
9420,19981
9420,29159,35939
9445,16016
9517,27395
9607
9650
9730,25363
9797,19858,23516,24123,26197,27569
9831,29832
9893
9977
10082,28753,37065
10082,13886,23516
10115
10446
10469
10514,27821
10514,18576,26332,34223
10685,31268,31331
10722,14537,23008,24247,25248,30165,33298
11012
11147
11176
11210,22029,34351,36432
11259,16272
11264
11306,19478,27827,32347
11366,11904,31198
11449,22615
11458
11557
11558,20941
11570
11579
11579
11698,14535,21263,25666,31059,34842
12001,28964
12007,14767,16671
12075
12102,26769
12122,14839,24034,30058,31136
12255
12384
12454
12454
12454
12697
12873,15917
13016
13018
13198,14537,20977,33298
13260,18852,20476,24123,27358,28077,32347
13325
13390
13422
13451
13473
13530
13574
13630,28549
13702,26592
13726,31992
13726
13782
13965,35071
14082
14105,16437
14129,31830,32209
14239,19624,35300
14351,27419,32503
14355
14366,17207,30709
14440,18910
14498,27261
14506
14532
14594
14616
14669
14708
14712,32308,32691
14762,17597,27650
14767,19725
14878,16367
14932
14949,23177
14982
15013
15050,16374,19343
15080
15086
15089
15246
15431
15611,20621,21760
15681
15699
15743
15928
15973,16416,27139
15973
16257,17813,23802,30091,33921
16350,27731
16426
16450
16516
16613
16651
16653
16656
16713
16803
16818
16826,30481
16845
17152
17304,25479
17389
17389
17445,31136,34399
17463,18016
17585
17597,31136
17644,22776
17644
17644,18468
17690
17730
17783
17817
17903
18099,34930
18103,34595
18164,22477,31002
18200,34762
18211,19584
18217
18243,35247
18324
18484,22862,23089,33598
18546
18586,19241
18586
18603,25938
18791,19426,28102,29115
18803
18907,21304
19020
19144
19426,29551,34509
19478
19529
19529
19622
19785
19798
19939,26002
20179,25536
20255
20262
20428
20566
20608
20620,21913,27885,28966
20620
20821
20965,36607
20965
21372
21436
21525
21662
21673
21737
21746
21763
21799
21819
21822
21846
21913
22029,30825
22029,33443
22029,26905
22211
22211,32642
22254,36109,36533
22272
22293,23311
22552
22812
22873
22976
22976,26846,29549
23011,25325
23044
23089,31825
23089
23507
23514
23516
23729
23754
24050,28199,29805,29864,35390
24118
24136
24397,25079
24547
24639
24639
24639
24639
24676
24716,28819,35649,35819
24804
24834
25163
25363
25421,29813
25656
25694
25730
25920
25920,25925,27464
25966
26016
26200,27530
26285
26285
26325
26340
26520
26875
27009
27097
27097,32347
27107
27125,31647,35665
27193
27262
27294
27520
27562
27607
27650
27674
27686
27705,29778
27726
27776
27871
27885,32916
27958,32213
28083
28102
28185
28199
28213
28236
28657
28688
28753
28821
28909
28932
28966
29221
29229
29229
29325
29343
29412
29574,29989
29664
29664,30173
29723
29723
29777
29805,34509
29815
29815
29915
29915
29952
30239
30266
30347
30433
30529
30616
30668
30684
30728,35609
30758
30942
30964
30982
31076
31119
31136
31274
31659
31731
31919
32019
32162,36218
32265
32464
32501
32513
32674
32679
32883
33173
33173
33233
33443,35604
33475
33500
33543
33598
33603
33726
33755
33957
34090
34271
34351
34379
34426
34517
34612
34774
34799
34799
34945
34977
35105
35129
35390
35390
35390
35391
35486
35763
35781
36023
36155
36168
36213
36583
36598
36607
36657
36674
36691
36872
36872
36942
36997
37065
4,4708,5157,9655,9893,11128,12255,14174,14372,14709,17445,17597,19748,21505,22330,25421,29888,30718,32806,33818,34365,36461,36998
45,9684
70,9224,32298
76,960,7782,12102,12468
113,339,553,2296,2634,5013,5279,6976,7724,9556,9655,10672,11157,12160,12488,14998,15086,17082,19578,20645,23507,23774,25489,26413,26907,27021,28102,28595,29065,30505,30715,32112,33341,33347,35013,35806,36023,36714,36843
228,775,1489,1610,2031,2049,3014,3028,3465,3674,3869,4213,4222,4746,4904,5342,6066,6294,6476,7445,7945,8496,8752,8922,8962,9862,9969,11047,11128,12689,12953,13094,13502,13791,13885,14117,14709,16126,16372,16451,16847,17398,17664,17846,17920,18413,18543,18645,19841,20104,20620,21336,22324,22425,22433,23512,23836,23839,24098,24171,24716,24768,25421,25520,25694,26454,26576,27451,28199,28403,28724,30618,31666,33300,33445,34104,34223,34345,34642,35819,35972
269
347
357,1323,19756
418,1873,4967,7706,13502,17380,28199,29447,29807,30942
473,3163,3515,6841,15280,22806,27040,28688,35149
475,3415,3768,6765,7937,12934,14894,20027,22294,22301,23388,25185,31735,36275
497,9718,13163,15854,28130,33774
520,5425,16074,30453,33788,36015
549,15132
560,1841,2924,4138,5619,6132,6263,8216,10160,13728,16599,18434,21671,22982,23314,23427,24226,25349,25631,26868,29271,29736,29959,31713,31978,33037,33122,33145,33585,36620,36993,37132
562
562,7824,8875,12997,14366,14616,14988,16059,16959,21495,21846,23334,24236,26491,28076,28967,33546,34351,35247,36492,36533
626,2041,14616,25984,34713,35300
693,16257,35345
740,1615,4373,6343,14174,23020,29985
815,1017,2572,10144,11396,22529,28199,30734,36600
876,1456,3281,9123,9893,13069,14988,16516,17472,18099,24552,25613,27376,29463,29518,29807,34058,36937
912,2692,2972,5589,6782,7380,7463,10443,14714,20424,20803,22202,23261,27086,27091,27339,31978,33238,33843
942,18316,21063,21671
1076,36456
1169,13886,15417
1185,1289,15593,29081,32615,33788
1188,1335,1977,3213,8233,11366,11926,16184,16367,17359,18607,23476,26804,28415,30312,35665
1258,9098,14328,15086
1272
1289,3865,4796,8875,12418,14537,20484,23011,25007,26605,27491,36939
1289
1318,3560,5432,9317,15428,17520,23599,35655,37078
1319,5775,6792,8194,9625,9760,10259,10379,13386,13420,21465,23111,25208,26388,28271,28790,29973,31761,32609,33238,34939,35248,36103
1363,1979,3746,6695,23569,34891
1363
1378,3904,4546,4731,4740,6003,6330,7393,7733,8096,10427,10512,12029,16754,20104,20947,23949,24178,29305,29644,33574,33741,35760
1392
1397,2442,6627,6773,13376,19419,22976,25421,27131,28139,34740
1397,7597,8298,26529
1436,30125
1447,2523,34223
1456,3714,9404,33480
1466,2272,6155,7873,8880,10677,11721,23169,32596,36503
1474,35766
1493,13707,13745,13842,19425,36334
1514,2073,3436,4315,5970,7096,7796,11041,11760,15632,16130,19368,26971
1543,1802,2468,3292,6429,7524,11109,13094,19534,19751,21406,25139,26057,28739,30198,34689
1577
1617
1648,9625
1654
1695
1728
1729,22272,32265
1730,15623
1731
1792,1853,2783,3078,4407,4708,5527,5589,6035,6155,7585,8925,9956,10745,10796,11237,13276,13367,13521,13642,14537,16027,16724,16891,17938,17975,18164,19445,20205,20255,21384,22920,22932,23030,23506,23758,24414,24547,24570,24654,24691,25122,25277,25312,25666,25743,26529,27776,29219,29355,30121,30898,32897,33546,34568,34674,34850,34930,35060,35486,36885
1836,3661,12479,15014,19813,27354,28574,36674
1864,17762
1977
2049,10305,16141,18354,25536,26804,28688,31713,33298
2053,10059
2070,3937,13361,15574,16818,19127,30445,34651
2133,8759,14636
2135,5303,5443,8207,9559,10286,10496,12226,12651,14193,14265,16571,16687,17400,17520,21229,22115,24961,26929,27250,28206,28876,29369,33956,34504,34558,35701,36710,36927
2151
2164,5054,6708,8669,8788,13384,14077,16845,19022,19419,26983,31983,32690,34600,34660,35317,36448,37140
2217
2234
2234,17190
2234
2290
2352,12279,15762,19981,24582,34522
2464
2556
2578,11631
2578,15687
2597,4228,4328,6363,7788,10515,11499,13574,14101,16803,18096,18139,18186,20468,24479,25694,25765,26109,27453,28715,28761,29815,29848,31444,32308,34070,34602
2614
2712,5713,8411,34136
2712
2870
2911,5655,6892,7984,9847,14616,15971,27526
2911
2911,14616,20941,23213
2911,15672,23077,24236,27401,30653,36634
2929,10957
2970
3050,5043,10299,12431,14174,14651,15687,20556,23506,23802,28203,30091,31268,33555,34201,35930
3077
3077,24512
3077
3162
3207,3635,4686,5999,10163,14913,19496,20068,23663,27366,31475,33767,36691
3213
3216
3216
3262,17357
3281,4659,17642,20620,29939
3302
3366,12720,13101,23569,25304,26468,28102
3431
3456
3456,18099
3466,5220,9113,9274,10172,12533,16434,18369,34388
3483,5237
3497
3503,16753,33300
3527,5046,6978,11448,11719,13130,14211,14714,14837,17610,18170,21818,23967,25257,27965,29081,30094,30514,33562,34930
3549,3679,4028,5644,7100,8823,9168,13260,13355,13554,17047,17186,17696,17968,18606,20787,23694,23806,25061,26916,27268,33644
3593
3656
3674,16547,17590,20262,36502
3674,14734,21412,29985
3704
3764,5827,7659,9143,15853,27777,31836
3790,12623,16910,26437,27685,31877,32824,33104
3821,6375,6829,29842
3841,5578,11382,17178,23879,26652
3841
3841
3844
3948
3985,15086
4105,15973,26804
4221
4280
4281,15687,22417
4327,28650,30125,31268
4327
4381,27965,31084
4467
4475,18741,19426,21412,21495
4485,8068,10165,10985,11810
4490,4762,27502,30622
4708
4735
4791,8889,10765,21613,29554
4936,31492
4955
5137,12695,23946,26560,30335,33642
5156,9893,10860,20628,21958,23764,34472
5157,12313,29141
5208
5474
5578,6314,30925
5578,14366
5589,16694
5601,22551
5647,7733,19426,30674,33788
5744
5819
5842,10358,28809
5926,6254,12656,25446,27042,29840,32883,36354
5993,17463
6003,8671,10016,21959
6047
6066
6123
6150,6446,10612,18506,22455,34774,36176
6197
6204
6238
6314
6314
6343
6343,19426
6537,27660
6592
6643,18001
6773
6773,18099,26332,30428,30755
6903,18249
7110,17049,32504
7144,8939,14328,23670,23742,24470,25257,25451,28514,33475
7150
7241
7287
7289,8368,27562
7364,14537
7365
7381,32464
7393
7419
7467
7489
7504
7519,17862,33573,35105,37091
7595
7619
7624,7966,8999,16956,21819,25624,25656,30712,34646,36056
7657
7733,16818,31520
7750,10261,11395,13820,14340,14372,18480,19744,30300,34223,34507,35655
7811,28750
7811,17472
7857
7923,8519
7928,36023
7991,20745,33780
8013
8156
8156,14644,16098,23012,25363,27559,34633
8205,14239,20255,30925
8216
8216
8278,13130
8331
8368
8394
8519
8519,11035,13797,21913
8548
8599
8620,10299,20955,27569,31538,35910
8669
8720
8752,19478
8752
8754
8759,31177
8869,12384,21913,23451
8937
8939,33357
9074,22002,27358,30758
9074,26868
9370,21382
9373,28009
9428
9515
9569
9607,24519
9607
9639
9730
9826,11998,17273
9893
10059
10200
10200,14518,18551,18994,19388
10200,30861
10200,14738
10200,30410
10446,32347
10446
10469,22882,28199
10469
10638,15745
10644,22904
10685
10701
10717,24943
10752
10801,22029
10893,16653
11012
11081,31331
11126
11237
11253
11276
11323
11366
11486
11505
11526,19072,26024
11576
11707
11744
11754
11770
11821
11879,26248
11926,20620,22976,28109,28213,29985,32780,34903
11964
11984,12582,15031,18413,26713,27301,31177,32377,34446
12097,20635,34403,35318
12102
12122
12271,13058
12271,21484,32254,32578
12354,15973,17648,23240
12354
12354
12362,18164,21354,29005
12431,14714,18016,22552,23473,32916,34922
12442
12491,17463,28076,36872
12611,24029
12611,26052
12720
12734
12851,16491,27409
12897
12970
13067,14264,21484,31978
13138
13249,27836,28466
13301,13630,33037
13332,21228
13373
13428,18193
13451,36213
13574
13631
13649
13726,36559
13726
13782,35345
13880,24659,33108,36179
13886,30964
13974,15804,35146
14020
14118
14155
14171,14249,19752,36928
14192,30137,30861
14284
14470
14508,14714,14761
14616,16741,25938,27009,27650,34043,36248
14616,25938
14622
14767,17732,31419,31828,33814
14960
14976
15086
15164
15293,16501
15408,22954
15417,28753
15452
15469
15552,25330
15612,26142
15816,36885
15917,17644
15917,15973
16041,28083
16132
16153,30622
16215
16426
16511,26621
16597,27914,32601,36019
16616
16656,29807
16666,24372
16724
16766
16830
17016
17152
17237,19907
17287,25938,30712
17310,21265,27000,32503
17380,25656
17380,19887
17546
17597,25282
17597,25920
17607,23733
17644
17676
17694,24294,32578
17769
17781,21484
17782
17813
17856
17945
17982,29353,35531
18116
18193
18243
18243,28875
18506
18523
18576
18615
18717
18717,19163,20933,24487,27791,32213,33014,33874,35300
18966
18970,18987
19008,34666
19040
19112,35781
19148,21038,27676,32806,33420
19289
19503
19618
19624,29447
19637
19813
19837
19858
19907
20024
20144
20168
20177,21867
20205
20261
20262
20432
20620
20620,26391
20635
20635
20637
20647
20745
20803
20903,27068
20955,24804,34517
21216,31978
21263
21263,22029
21406
21412
21495
21596,25736
21815
21851
22002
22002
22029,29848
22029
22211
22272
22272,24760
22433
22433,34646
22457
22754
22850
22925,37132
22976
23030
23062
23217
23480,29650
23507
23507
23729,26607
24021
24345
24368
24443,34036
24488,26743,27339
24547
24626
24639
24786
25257
25645
25656
25696
25920
25938
25939,32642
26028
26197
26330
26352
26454
26576
26681
26898,33175,35872,36636
27052,27816
27132
27132
27139,36492
27139,29707,33603
27177,30453,31978
27433
27559
27562
27569
27584
27660,33598
27660
27824
27847
27923
28009
28109,33603
28118
28199
28199
28203
28307
28320
28341,34351
28415
28431
28671,30197,36496
28701
28701
28814
28964
29184
29229,31978
29308,35819
29428
29570
29809
30360
30453
30595
30633
30653
30718
30846
30863
30898
30910
30942
30942
30956
31037,34613
31274,31662
31293
31454
31680
31978
31992
31992
31992
32019
32806
32806,35781
32916
33002
33099
33100
33173
33175
33443
33500
33500
33546
33546
33558
33562
33628
33755
33755
33780
33788
33962
33988
34090
34177
34210
34223
34351
34379
34478
34509
34664
34930
34954
34964,36691
35095
35141
35347
35349
35390
35458
35738
35763
35915
36168
36173
36350
36872
36872
36982
37065
52
88,8922
204
228,6595,13094
269
269,2523,4173,8924,36526
282,8113,11430,16947,26884,30327
345,2623,3007,3945,4039,4327,6111,8039,8638,9222,10415,11081,13148,15119,17149,17389,17690,18151,18178,19164,22254,23282,24021,25626,27453,28814,33475,35100,35349,36982
364
387,960,2663,3457,3704,3897,5304,7260,7926,8231,9064,9165,9395,9913,10454,11579,13011,14299,15570,15678,15743,17679,21304,22932,24948,25138,26468,30514,34005,34109,34961,35300,36942
418,3048,4816,5780,6476,6788,7393,8233,11765,11871,13376,13522,14828,15471,19803,25606,25629,26484,27303,28967,29380,29665,31639,31857,32228,32591,33475,35531
441,6105,7296,8170,14690,17246,18924,31023,35628
473
473,3366,7432,13130,14202,14372,16076,20387,20407,20965,21613,23077,32863,34365
505,17546
513,8013
551,1136,1819,2198,5487,6111,6651,7782,8974,10856,11397,12886,16939,17034,19241,26125,27245
562
573
603,1289,4796,8548,11648,18741,29109,31992
612,2247,2953,4475,7815,11940,12603,13190,14579,15183,18742,20995,23380,27610,27776,31971,33211,33213
628
717,4105,5201,5665,8327,8864,9125,9466,10580,12851,13094,13502,14865,15973,17217,17740,17806,18170,18615,20407,21659,24626,26431,26595,27016,28402,28923,30851,31248,31951,32141,33090,33566,34137,34332,34604,35721,35866,36843
763,2902,10253,12097,19729,24310,25330,27680,28247,29107,35766
775,3974,4955,6193,6314,7102,7597,10452,11631,12491,13707,14174,14738,16339,16451,16766,16891,17190,17328,17389,18303,18615,19913,20863,20977,22002,22330,24034,30253,30278,32642,35738
776,32332,32780,33546
821,34713
826,2108,28967
843,970,2424,3674,4796,4814,5037,5945,6157,7392,7750,8367,8523,8545,8579,9052,9303,9354,11147,11830,11862,13241,13423,14651,15060,16571,16585,17077,17637,17952,18354,18615,19345,20390,20451,21037,21372,21609,23461,26407,27508,28514,28587,29386,29414,30116,30668,30709,30964,31331,32101,33173,33385,33980,34044,36583,36872,37048
876
996
1076
1076
1076,30942
1076
1076,23516
1156,3638,4228,4962,5572,5575,6595,7459,7815,7838,8391,8572,8609,9767,10104,10698,10779,10961,10993,11711,12675,13095,14780,14814,15204,15354,16395,17611,18382,18535,19020,19030,19152,19164,20329,21472,21632,22807,23191,23987,24126,24256,24849,24894,25364,25637,26657,27132,27873,28492,28896,30168,30274,31274,31546,31695,32363,33862,34660,35020,35345,35474,36583,36598
1188,16257,18791,19595,22250,23392,28798,32989
1188,13814,31432
1209,7393,9684,26332
1217,30833
1267,22007,30475,31810
1304,2561,2580,4154,6329,9655,11811,13373,14525,17364,18258,22666,25150,25696,29807,30595,31546,32215
1360,20643,23301
1378,5054,6199,7296,7432,10188,10916,11366,12362,12397,12491,12689,12750,14762,17604,18480,18704,19416,19696,22237,22969,23008,23217,23291,23377,23516,23530,24400,25446,28254,28966,29112,29377,29580,29915,30822,30824,30863,30877,30964,32160,32291,32591,33288,33664,33923,34614,35766,36823
1397
1397,3976,5334,6821,8205,8806,11781,12961,13116,13373,13998,16825,17815,17975,18006,20055,21678,21798,24591,24786,25721,27562,28153,28387,30095,30137,31641,33475,33574,34009,34949,35894,36493
1442,3409,4638,5591,6122,6623,8978,11782,13502,17074,20939,21216,21429,21589,22325,23211,25424,26804,27135,30924,32362,32476,35630,36528
1448
1474,4904,5713,13701,17287,32777
1487,15665
1577,8724,21358
1617,7926
1652
1675
1728
1762,4020,17034,30173,37033
1826
1826,2464,7575,7649,12270,13368,16345,20526,26948,30884,36552
1832,30148
1853,14076,14366,21187,27650,34201
1853,2336,3409,3515,5128,5578,6627,7213,13284,13752,23149,28589,31136,31341,33543,35486,35545
1904,3623,5819,7724,10454,12198,12824,18117,21406,27054,27345,27871,28514,29561,34390
1904,2164,2792,6552,8939,11366,17068,19798,21381,28077
1904,5096,5138,5779,5993,6158,6699,9862,10117,17307,19013,23388,33574,34365,34805
1924
1927,18513,36630
1977,30925
2003,6014,19156,19931,21265,21717,27526,27784,29642,30087,30453,31288,31992,36526,36843
2031,3704,5656,16724,18170,19072,24626,26002,27660,28200,28762,30758,36982
2036,3751,15638,24226,31862
2041
2043,10704,17650
2049,5218,30653
2049,3066,15293,23467,35760
2068,10469,26486
2068,3216
2108,16127,30653
2108,11787,18200
2227,30137
2282
2309
2339,33580
2464
2464,14631,31515,31848
2464
2523,5713,12454,17328,19022,21798,26197,29570,29915,30433,33603,34351,34718,35044,35894
2561
2569,8295,9153,17781,22535,29807,33671
2569,5945,8156,11936,14217,14762,16747,17060,17445,23949,27000,29255,29736,31400
2578,22211
2578
2692,4592,4635,5145,7957,8706,9484,10645,16187,17446,17981,18170,18434,19669,23356,27135,30502,31731,37119
2712
2731,6561,10289,15488,19426,29357,36026
2783
2803
2829,23506
2892
2972
2984
3025,5730,7320,9916,13224,15659,20380,27029,27841,28728,29024,31706
3040,4064,4104,8810,14119,17736,26775,27414,30499,31095
3077,8205,8268,16933,23410,32117,32897,35367
3100,5170,5889,7733,13101,13797,15370,19254,20941,21851,22211,22301,22932,27153,29645
3245,3564,11131,14026,16350,18168,22312,28153,28199,28568,30269,30453,31293
3260
3342,11219,16947
3366,29687
3387,35738
3431
3456
3529,20509
3656
3759,4039,13361,16426,25758,26486
3821,33908
3841,17030
3853,6245,8149,16272,20620,23036,30185,32375,33664,36356
3985,8361,8536,9577,11107,12328,15471,17190,20262,21125,21346,24404,31293
4077,14201,28348
4100,23574,28109,36213
4107,7184,21917
4144
4154
4228,8671,13350,18480,33137,35486
4228
4244,10028,10766,14716,14976
4244,14669,17546,22328,25446,27419,32019,32479,36026
4319
4373,6703
4398
4407
4478,17539
4490,18336,24248,27519
4532,6699
4543,4955,5349,12566,16409,17463,18009,23775,24366,25161,28200,30986,33957,35631
4578
4583
4722,8519,15037,20620
4731,4774,5888,6589,7196,12473,16105,17034,20055,21112,21147,23498,28199,29777,30010,30477,30655,36830,36929,37078
4732
4735,6363,7585,10734,11144,11477,11707,16584,17644,17732,26574,28761,31459,31978,33440,36982,37029
4735
4783
4816
4833,12074
4859
4898,15037,31569,31796,33037,36179
4922,28814,28834
4924,9678,9818,13999,16150,27406,28609,35617
4935,12636,21401,21496,23771,28102,31810,35291
5128,18741,19981,32083,33260,35390
5128
5128,6773,12478,14532,31274
5138
5157
5208
5279
5292,30142
5293,14648
5293,5488,14155
5352
5430,11104,23962
5504
5562
5599,14895
5647,8877,14480,19852,20441,20777,25304,28587
5658,12222,18016,19529,26681,27562,28589
5785
5806,9194,12340,20635,31268,33090,35665
5819,9577,17813,21099
5879,22634,30661
5945
5947
6111,7287,17597
6254,23507,25257
6446
6461,14076,22029,31037
6461
6502,27419,27864
6627,20745
6630
6708
6769,15307
6773
6773,34657
6782
6821,20213
6871
6871,33546
6892
6951
7098
7150
7265
7274
7287
7318,20731,22335
7386,35312
7393,22904
7402,9607,19665,25421,25920
7461,16646,19478,30440,36533
7480
7593
7597
7597,22328,24716,31109
7733
7769,9865,32908,35746
7903,8717,21406,36723
7906,15794,16279,16713,20242,29428,31002
8013
8096,18694
8096,11403,25005
8181,8252,9730,26346,27139,28199
8205
8233,21062
8368
8368
8394,8668,10368,29405
8411,11204
8426,19883,26009,36489
8482,25624,33250,34930
8519
8519,21601,26325
8519,30653
8555,16153
8555,24817,30019
8624,15241,15724,35730
8717
8788,10446
8788
8810,14351,28634
8875,22689
8925,25421
9009,28107
9035
9074,16285,16572,21046,24758,29184,30100,31631
9127
9233
9255,14599
9429
9557
9577,26404
9607
9626,17781,36858
9738
9795
9855,17564,32265
9910,17206
9913
9949
9979
10059
10096
10110
10200
10278,11366
10300,12328,19913,21542,23506
10446
10469,18719
10584
10645,22933,29341
10685
10686,20049
10701
10712
10893,33761
10927,17925
10987,15534
10997,19478,27339,36109
11237
11372,27241,32727
11579,21851,29570
11624,36306
11624,17259,29507,34505
11654
11688,19109,20084,36691,37065
11716
11733
11733
11758,18884,25209,33298
11776,25257,35390
11780
11817,21459
11862
11871
11879
11906,18405
11922,16367
12094,14971
12102,14229
12190
12255,35738
12354
12354,17389,20620,21717,34446
12354
12365
12384
12431,32117,36949
12454,17383
12564
12651
12658
12669,30726,33961
12866,27753
12866,26332
12866,21910,24443
12866,28514
12873
12922
13001
13015,32309
13042,18741
13067,25304,26484,30964,36056
13069,14001,34646
13368,22442
13373,36308
13379
13580
13649
13701,30436
13701,14669,21372,32268
13782
13886
14001
14038,25399,34896
14101,30253
14101,30360
14197,20985
14234,33788
14319
14322,23240,28821
14366,27475,33560
14367
14368,24082
14514,21665
14532
14572
14572
14573,15213
14595
14599
14616,24109
14636,28393
14707,36218
14714,27225
14714,30964
14714,17878,35053
14720,32159,33562
14734,20518,32083
14780,14960,24021,29268,35582
14785,16901
14829,23507
14872
14904,21216
14932
14964
14988
15014,26907
15073,26577
15154,32426
15258,19345,36061
15452,26502
15469,27376,34351
15597
15631
15666
15687
15687
15743
15767
15826,28704
15964
15971
15973
15983,23288,29380
16272
16511,17782
16571
16818,30735
16903,19112,22920,29915
17022,26804
17107
17206
17207
17382,26889
17389,22552,26332
17445,34517
17456
17524
17529,26606
17584,19975
17644
17648
17732
18001
18105
18106
18178,33415
18200
18201,35157
18303
18354
18389,32270
18629,29707
18826
18826
18873,25576
18886
18966
18987,27000
18987
19022,27713
19108,29032,29728,30293,31169,32743,32775,33474,35649
19112,23123
19127
19218
19529
19532
19554
19577
19578,35527
19642
19665
19731
19801
19837,21913
19845,32519
19897
19907
19960,22045,23507,24991
20055
20620
20745
20826
20941,33780
20941
20955
20965
20997,31462,32843
21099
21157
21216
21249
21372,22297
21495
21589
21717
22029,23154,26147
22075,35300
22254
22328
22341
22347
22375,31253
22427,27314
22553,36023
22615,32291,33709
22762,26868
22813
22847
22969,31658
23030,36109
23077
23112,25439
23188
23213
23302,33500
23302
23507,24996
23514,28964
23911
23987
23989,29990
24109,35315
24434
24547,34595
24639
24639
24760
24786
24834
24848
24880
24991,33679
25364
25421
25421
25425
25502,31037
25606
25955
26285,26509,28650
26325
26346
26454
26743
26889
27139
27225
27255
27261,27947,29112
27294
27299
27307
27322
27419
27453
27502
27584
27650
27660
27686
27727
27841
27962
28122
28199
28199
28443
28589
28688
28701
28837
28861,32308
28931
28964
28964
29072
29081
29159
29219
29229
29237
29355
29386
29737
29745
29813,36982
29848
30058
30182
30206
30360
30436
30438,32117,35065
30616
30616
30653
30821
30984,35628
31013
31037
31120
31280,37087
31515
31542
31982
32038,35113
32051
32083
32178
32308
32479
32760
32802
32806,35600,36068
32863
32916
32916
33173
33266
33266
33298
33598
33711
34136
34223
34351
34595
34595
34610
34763
34771
34994
35129
35247
36109
36196,36955
36354
36587
36998
37033
37078
52,13301,30173,34718
58,4652,20837,29723
83
133,6531,8549
166
228,2623
228,693,21786,22539,28199,29551,32883
228,2535,4244,5145,7461,8053,8205,8599,9308,9405,10410,10822,12599,14103,15599,16367,18483,19987,20151,20424,21571,21687,23978,24309,24463,24662,24880,27559,29915,30523,31185,31648,34868,35579,36521
235
252,17472,24837,33130
269
306,18967,21151
322,6821
322,6821,29046,32287,37065
344,909,1053,2623,3027,3515,3841,4228,5157,5346,5352,7393,8134,10115,10672,12222,13726,14741,17445,17540,17756,18178,18354,20174,20380,20501,21761,23500,24502,25366,26592,26658,27000,27040,27784,29005,29112,30172,30173,30846,31069,32170,33376,33649,34223,35300
366
445,2578,6627,14537,15823,18256,23867,32130,32503
458
513,23030
547,4853,18164
551
562
569
781,4279,10625,12398,21505,21780,22211,28814,35513
786
909,5578,9366
960,1610,2049,2580,2836,3162,7080,10900,13473,14034,14442,15248,15743,16959,17847,17984,18201,18791,20301,21022,21996,22092,22389,22557,23004,24570,28481,30379,32591,32800,33801,33874,34637,36244,36300,36872
1101
1141,11673,12454,31616
1192
1338,10300,33532
1360,17383
1363
1404,3985,11385
1422,8327,10621,11457,14217,15530,21542,22666,27885,29939,33090
1448,2939,28843
1448,4105
1458,2270,2566,5783,8702,13257,16027,18730,23261,25645,25752,27225,30815
1538,7696,12550,25505
1698
1729
1782,12103,14447,21631
1841,5352,6552,28130
1853,13116
1904,29355
1912,2712
1964,12892,21986
1993,32111
2031
2062
2068
2092,2284,7657
2108
2143,21263
2143
2155
2164,18905,30884
2227,4833,6003,7386,13797,14351,14714,14761,16572,16845,19419,21304,28109,28139,33443,33580,33745,34848,35317,36843
2227,6254,32578
2227,13069,27971,35247
2284
2320,17607,27711,31978
2339,21217
2364,9287,9780,23506
2417
2464,6773,22776,27660
2561,26621
2578
2623
2677,13364,26611,34223,36723
2709,13296
2712,11131,26106,29417,33562
2966,8457,10488,10959,30094,35649,36035
3049,20526,28018
3077
3444
3592,3922,4216,8605,9667,10448,18053,19115,24163,27469,29711,30294,30796,31492
3598
3661,4719,5292,10165,20620,30453,33699
3667,17634
3670
3674
3704
3841,22018,24512,28190,34223,35815
3841,26884
3853
3855
3930,11570
3937,33629
3943
3992,28701
3996,23976
4020,4851
4020,11374,24676
4039
4104
4105
4130,4993,6155,6703,8205,11109,14085,14234,14537,16501,17516,20250,21571,22408,22433,23493,27052,27823,28403,30278,30595,31659,33213,33327,33543,35391,35655
4246,27000
4328,19595
4338,4841
4381,7967,14533,16947,17445,23530,28966,30360,30822
4491,18005,34763
4578
4605,28966
4652
4682,5730,7447,17398,28613
4701
4722,6003,13373,14227,29247
4768
4911,10820,12750,19188
4933
4955,5575,18170
5128,11131,14762,21495,29260,36492,36843
5135,6461
5159
5237,26624
5292,14709,22932,25939,32956
5403,13416,15066
5571,14480
5578
5612,21334,25424
5683,20647,33562
5820,10115,27971,35463
5834,5926,6699,7967,13067,17513,19027,22806,28192,32642,33546,33819,34799,35998,36371
5871
5945
5945
6087
6111
6214
6239,15491
6254,36179
6254
6283
6304,11931,19111,19556,33523,35321
6314,10685,26576,30516,33755
6314
6314,12867,23633
6314
6343
6446
6446
6461,7585,9915,12841,17862,32479,34796
6499,17540
6537
6542
6561,7280,7560,11652,12867,14068,14532,14673,16076,17207,19683,21334,21372,23514,24137,28601,30709,32578,36957
6561,7933,9735,11259,13473,22029,22850
6566
6592
6630,19622
6643,26808,30058
6746,7734,8555,10138,12834,15853,23282,31037
6760,7274,26983,34274
6773
6819,22480,31101
6841,24412
6903,25624
6919
7033
7159
7179,12163,25624
7287
7368,23081
7370
7504,31250
7524
7525
7539
7555
7579,8206,8479,13666,14217,20104,20168,21996,23451,25253,27358,29512,32914
7585,12689
7597
7635,21812,34403
7728,16557,28338
7737
7824
7829
7880
7984
8013,14932,17991,18562,21322,22628,23352,23388,24414,25624,26658,26743,28187,32823
8156
8183
8214
8216,33649
8216,17207,18200,22615,24786,31992,36056
8235,14308,21247,23859
8298,13648,18025,22029,25363,26340,30663,36917
8317,18605,19902,27755,32800
8368
8388,32912,36015
8394,23188,26325
8420
8426,27015
8496
8549,19426
8717
8759,31136
8898
8937
8941
8952,21752,25637,36542
8962,12077,13530,13898,25938
8967
9012
9035,11147
9047
9084
9148
9186,9831,22807,25304,31020
9339
9349,10599
9349,9913,12984,16394,20635,27607
9404,28821,36168
9415,25492,26484
9417,12473,14527,16787,27339,29579,32897
9525,17911,23388
9529,28090
9563
9576,15089,19127,30744
9576
9577,14001
9577,24786
9607,15917,22963,26454,32083
9607
9607,11264,35687
9630
9686
9735
9746
9765
9855
10149
10156
10195
10200
10200,24958
10200,29184
10203,11109
10216,26322
10233
10258
10446
10446,29888
10454,21945
10460,31644,33115
10469,11259
10469
10471,16811,22167
10488,15973,34595,34633
10497,11237
10546
10615
10663
10850
10971,16393
10997
11109,19981,28688,32083
11131
11259
11259
11304
11355,32601
11505,27391
11579
11717
11837,13016,26280
11870,16962,36487
11922,26884
12102
12180
12384,12526
12441,12997,18164,23160,24547,24639,26836,31383
12454
12492,14636,25830
12502,34930
12642
12734,26350,27413
12997,26756,32170
12997,33037
13061,20620
13069
13069
13142
13142,35092
13237,15221,15451,16501,22600,29985,31731
13275,29807
13297,29862
13353
13360,25144
13530
13649
13711
14027,14592,18105,27288
14036,34973
14065,30048,33509
14106,25332
14171,22946
14226
14234,27426
14305,19093
14337,14734,18017
14351
14354
14371,29148
14381,34517
14431,21765
14537
14573
14573
14651
14692
14714
14738
14780
14929,34090
14932
14932
14956
15052,22901
15086
15218
15293
15329,19907
15439
15452,23857
15452,33818
15469
15687
15743
15803,25863
15823,21412
15854,20163
16051,26246
16141,17501,32780
16152,24108
16177
16345,17380,25938
16345,20255,25694
16367,18720
16367,28688
16367
16367
16426
16484
16826
16891,33475
16891,19801
16956
17107
17207
17207,33500
17307,18151
17380
17380,30436
17389,33598
17429,32918
17463
17463
17472,35140
17526
17648
17656,21187
17676,19725,33173
17744
17762
17793
17815
18027,25939
18069
18099
18151
18168
18186
18222
18256,29115
18468
18546
18562
18655
18802
18886
19188,31992
19332,27451
19334,28593
19338
19423
19544,27388,28199
19564
19579
19676
19752
19798
19981
19999
20304,28572,34306,34771
20635
20635
20757,25364,30699,36859
20803,30058,35804
21031
21304,27317
21589
21661
21727,36723
21761
21765
21765
21765
21818
21818
21851,31862
21996,31992
22029
22029,27132
22111,29650
22254,28819,34223
22272
22385
22471
22613
22720
22762
22838,28648
22899
23077,32837
23188,28102
23261
23367
23498,24832
23507
23516
23540
23772
23827
23949
23988,29141
23991
24098
24171,27040,27971,29112,33298,35888
24263
24266
24291,31045
24345
24462
24488,30653
24584,33726,34478
24639
24668
24800
24804,30622
24912,30853
24947
24971
25007
25196
25257
25257,33044
25312
25351
25569
25645,36456
25780
25939
25967,36599
25987
26265,31401
26285
26369
26374,36607
26401
26454
26486,34811
26743
26743
26752
26804
26837
26905
26951
27009
27132
27135
27245
27322
27343
27407
27477
27545
27569,28102
27569,33755
27595
27660
27667
27675
27676,28691,33376
27795
28080
28198
28199
28203,34774
28251
28277
28294
28589
28788
29190,29422
29255
29260
29389
29403
29403
29432
29463
29521
29551
29686
29736,33603
29777
29805
29848
29888
29915,34464
30287
30327
30379,33758
30388
30438
30467
30617
30898
31002,36290
31012
31037
31136
31250,33546
31585,36112
31648
31736,34223
31786
31862
31962
31978
31978
31992
32265
32267
32347
32479
32674
32916
33092
33094,35107
33157,33559
33173,35738
33543
33562
33603
33663
33708
33755
34084
34223
34223
34351
34480
34517
34633
34867
34949
34954
35065
35243
35247
35262
35275
35300
35300
35300
36028
36170
36306
36434
36461
36542
36691
36826
36892
37074
37132
